-- phpMyAdmin SQL Dump
-- version 5.1.3
-- https://www.phpmyadmin.net/
--
-- Host: dbiae
-- Generation Time: Apr 02, 2023 at 05:55 PM
-- Server version: 10.5.15-MariaDB-1:10.5.15+maria~focal
-- PHP Version: 8.0.15

SET SQL_MODE = "NO_AUTO_VALUE_ON_ZERO";
START TRANSACTION;
SET time_zone = "+00:00";


/*!40101 SET @OLD_CHARACTER_SET_CLIENT=@@CHARACTER_SET_CLIENT */;
/*!40101 SET @OLD_CHARACTER_SET_RESULTS=@@CHARACTER_SET_RESULTS */;
/*!40101 SET @OLD_COLLATION_CONNECTION=@@COLLATION_CONNECTION */;
/*!40101 SET NAMES utf8mb4 */;

--
-- Database: `sqlpratique_dcg2022`
--

-- --------------------------------------------------------

--
-- Table structure for table `CLIENT`
--

DROP TABLE IF EXISTS `CLIENT`;
CREATE TABLE `CLIENT` (
  `numClient` text DEFAULT NULL,
  `nomClient` text DEFAULT NULL,
  `prénomClient` text DEFAULT NULL,
  `adresseRueClient` text DEFAULT NULL,
  `cpClient` decimal(10,0) DEFAULT NULL,
  `adrVilleClient` text DEFAULT NULL,
  `mailClient` text DEFAULT NULL,
  `telClient` decimal(10,0) DEFAULT NULL
) ENGINE=InnoDB DEFAULT CHARSET=utf8mb4;

--
-- Dumping data for table `CLIENT`
--

INSERT INTO `CLIENT` (`numClient`, `nomClient`, `prénomClient`, `adresseRueClient`, `cpClient`, `adrVilleClient`, `mailClient`, `telClient`) VALUES
('CL/ALA1203', 'ALARDI', 'Paulette', '3 rue de la république', '75000', 'Paris', 'paulette.alardi@yahoo.fr', '601020304'),
('CL/BlN540', 'BINOUR', 'Andrée', '5 avenue des marroniers', '6000', 'Nice', 'a.binour@gmail.com', '703020104'),
('CL/ CHA901', 'CHASHAM', 'Samira', '4 place de la résistance', '33000', 'Bordeaux', 'samira.chasham@msn.fr', '609080704'),
('CL/COT753', 'COTTIN', 'Madeleine', '16 avenue des allouettes', '24000', 'Périgueux', 'madeleine.cottin@yahoo.fr', '604070809'),
('CL/DON2008', 'DONATELLO', 'Pierre', '23 rue Colette', '11000', 'Carcassone', NULL, '705020306'),
('CL/EST3503', 'ESTINUT', 'Alain', '9 bis impasse des Chenus', '14000', 'Caen', 'alain.estinut33@yahoo.fr', NULL),
('CL/FAR15204', 'FARAD', 'Mohammed', '12 rue du moulin', '16000', 'Angoulême', 'mohammed.farad@hotmail.com', '605040603'),
('CL/GAR42815', 'GARRIJO', 'Esteban', '96 boulevard du palais', '21000', 'Dijon', 'esteban.garrijo@laposte.net', '709005781'),
('CL/HEU42816', 'HEUSTACHE', 'Linda', '1ter rue du cerf-volant', '67000', 'Strasbourg', 'linda.heustache@gmail.com', '601080604'),
('CL/RAF3376', 'RAFFAEL', 'Alberto', NULL, NULL, NULL, NULL, NULL),
('CL/MOR433', 'MOREL', 'Jacques', NULL, NULL, NULL, NULL, NULL),
('CL/ANT1834', 'ANTUNES', 'Filipe', NULL, NULL, NULL, NULL, NULL),
('CL/MES4891', 'MESANA', 'Solange', NULL, NULL, NULL, NULL, NULL),
('CL/WAG694', 'WAGNER', 'Emeline', NULL, NULL, NULL, NULL, NULL),
('CL/DEG469', 'DEGREMONT', 'Margot', NULL, NULL, NULL, NULL, NULL),
('CL/INC945', 'INCORVAIA', 'Claire', NULL, NULL, NULL, NULL, NULL),
('CL/DEG3331', 'DEGREMONT', 'Marc', NULL, NULL, NULL, NULL, NULL),
('CL/GIR1169', 'GIRY', 'Ledy', NULL, NULL, NULL, NULL, NULL),
('CL/BOS1105', 'BOSSET', 'Olivier', NULL, NULL, NULL, NULL, NULL),
('CL/FRU801', 'FRUTOS', 'Diego', NULL, NULL, NULL, NULL, NULL),
('CL/BUE3447', 'BUETAS', 'Agnes', NULL, NULL, NULL, NULL, NULL),
('CL/CAT3119', 'CATOIR', 'Manon', NULL, NULL, NULL, NULL, NULL),
('CL/COR1716', 'CORDOVADO', 'Aurore', NULL, NULL, NULL, NULL, NULL),
('CL/DUR4633', 'DURAND', 'Ludivine', NULL, NULL, NULL, NULL, NULL),
('CL/LEG2937', 'LEGROUX', 'Berenice', NULL, NULL, NULL, NULL, NULL),
('CL/VIL1860', 'VILLALBA', 'Magalie', NULL, NULL, NULL, NULL, NULL),
('CL/IMI1355', 'IMIZA', 'Jerome', NULL, NULL, NULL, NULL, NULL),
('CL/PAL3878', 'PALANDRE', 'Amandine', NULL, NULL, NULL, NULL, NULL),
('CL/JAN3387', 'JANSON', 'Marie', NULL, NULL, NULL, NULL, NULL),
('CL/SIL1153', 'SILVA', 'William', NULL, NULL, NULL, NULL, NULL),
('CL/DEM1439', 'DEMONT', 'Pierre', NULL, NULL, NULL, NULL, NULL),
('CL/WIL2386', 'WILLEM', 'Marine', NULL, NULL, NULL, NULL, NULL),
('CL/DUP4202', 'DUPIN', 'Severine', NULL, NULL, NULL, NULL, NULL),
('CL/ROU4018', 'ROUQUETTE', 'Gregory', NULL, NULL, NULL, NULL, NULL),
('CL/DAU1443', 'DAURELLE', 'Clementine', NULL, NULL, NULL, NULL, NULL),
('CL/BLA2688', 'BLACHON', 'Florian', NULL, NULL, NULL, NULL, NULL),
('CL/BON2141', 'BONJEAN', 'Eloise', NULL, NULL, NULL, NULL, NULL),
('CL/LER4475', 'LERAT', 'Marie', NULL, NULL, NULL, NULL, NULL),
('CL/LER4837', 'LERAT', 'Lorraine', NULL, NULL, NULL, NULL, NULL),
('CL/DEV1358', 'DEVIGNE', 'Pauline', NULL, NULL, NULL, NULL, NULL),
('CL/KEL3794', 'KELLER', 'Elsa', NULL, NULL, NULL, NULL, NULL),
('CL/VIL1353', 'VILLEMOT', 'Aline', NULL, NULL, NULL, NULL, NULL),
('CL/MIT1868', 'MITHIEUX', 'Francois', NULL, NULL, NULL, NULL, NULL),
('CL/LAB4902', 'LABOURIER', 'Marie', NULL, NULL, NULL, NULL, NULL),
('CL/SOY2413', 'SOYERE', 'Nathalie', NULL, NULL, NULL, NULL, NULL),
('CL/TUR2946', 'TURGIS', 'Nathalie', NULL, NULL, NULL, NULL, NULL),
('CL/CHO3748', 'CHOMEL', 'Perrine', NULL, NULL, NULL, NULL, NULL),
('CL/GUY450', 'GUYOTOT', 'Marine', NULL, NULL, NULL, NULL, NULL),
('CL/AVO1647', 'AVONS', 'Laure', NULL, NULL, NULL, NULL, NULL),
('CL/BEA1308', 'BEAL', 'Mickael', NULL, NULL, NULL, NULL, NULL),
('CL/COT2178', 'COTTIN', 'Nolwenn', NULL, NULL, NULL, NULL, NULL),
('CL/COE1556', 'COEURJOLLY', 'Anne', NULL, NULL, NULL, NULL, NULL),
('CL/JUL2336', 'JULIEN', 'Vallin', NULL, NULL, NULL, NULL, NULL),
('CL/CHA4062', 'CHAILLET', 'Jean', NULL, NULL, NULL, NULL, NULL),
('CL/JOU3219', 'JOUTY', 'Fabienne', NULL, NULL, NULL, NULL, NULL),
('CL/LAR4434', 'LARESE', 'Alexandra', NULL, NULL, NULL, NULL, NULL),
('CL/BEA4237', 'BEAUVAIS', 'SANIS', NULL, NULL, NULL, NULL, NULL),
('CL/BOI3009', 'BOISSE', 'Martin', NULL, NULL, NULL, NULL, NULL),
('CL/FOU4307', 'FOULATIER', 'Cecile', NULL, NULL, NULL, NULL, NULL),
('CL/ROB1406', 'ROBATEL', 'Line', NULL, NULL, NULL, NULL, NULL),
('CL/PUT3360', 'PUTZOLA', 'Vincent', NULL, NULL, NULL, NULL, NULL),
('CL/ORA4214', 'ORAZI', 'Fred', NULL, NULL, NULL, NULL, NULL),
('CL/BOT4530', 'BOTTO', 'Valentin', NULL, NULL, NULL, NULL, NULL),
('CL/SAR2417', 'SARRE', 'Ghislaine', NULL, NULL, NULL, NULL, NULL),
('CL/CLE1661', 'CLERY', 'Alexandre', NULL, NULL, NULL, NULL, NULL),
('CL/SAR3097', 'SARRE', 'Thierry', NULL, NULL, NULL, NULL, NULL),
('CL/CHA2196', 'CHAREYRE', 'Philippe', NULL, NULL, NULL, NULL, NULL),
('CL/BAU4972', 'BAUDRY', 'Delphine', NULL, NULL, NULL, NULL, NULL),
('CL/RAP1616', 'RAPY', 'Justine', NULL, NULL, NULL, NULL, NULL),
('CL/DEL3242', 'DELAUNAY', 'Clothilde', NULL, NULL, NULL, NULL, NULL),
('CL/COT705', 'COTE', 'Gael', NULL, NULL, NULL, NULL, NULL),
('CL/MAS2238', 'MASUREL', 'Dominique', NULL, NULL, NULL, NULL, NULL),
('CL/QUE1533', 'QUER', 'Dorothee', NULL, NULL, NULL, NULL, NULL),
('CL/MAR4004', 'MARTIN', 'Frederick', NULL, NULL, NULL, NULL, NULL),
('CL/BRU1234', 'BRUJAS', 'Vincent', NULL, NULL, NULL, NULL, NULL),
('CL/MAU3452', 'MAURANDI', 'Brice', NULL, NULL, NULL, NULL, NULL),
('CL/GUI3223', 'GUILLERMARD', 'Bertrand', NULL, NULL, NULL, NULL, NULL),
('CL/BOU511', 'BOURMEAU', 'Adrien', NULL, NULL, NULL, NULL, NULL),
('CL/MOU2713', 'MOUROUGANE', 'Chanemougam', NULL, NULL, NULL, NULL, NULL),
('CL/CHE4225', 'CHEVALLIER', 'Camille', NULL, NULL, NULL, NULL, NULL),
('CL/PET3816', 'PETAUD', 'Tanguy', NULL, NULL, NULL, NULL, NULL),
('CL/CHO2265', 'CHOLLEY', 'Julie', NULL, NULL, NULL, NULL, NULL),
('CL/BRE4778', 'BRETHEAU', 'Nuria', NULL, NULL, NULL, NULL, NULL),
('CL/JEH3925', 'JEHANNO', 'Didier', NULL, NULL, NULL, NULL, NULL),
('CL/HOU4347', 'HOUEIX', 'Yves', NULL, NULL, NULL, NULL, NULL),
('CL/LEL3225', 'LELOUP', 'Gauthier', NULL, NULL, NULL, NULL, NULL),
('CL/BRE4993', 'BRETHEAU', 'Morgane', NULL, NULL, NULL, NULL, NULL),
('CL/EMM1258', 'EMMANUELLE', 'Chaleat', NULL, NULL, NULL, NULL, NULL),
('CL/LUA2624', 'LUANGPHAKDY', 'Caroline', NULL, NULL, NULL, NULL, NULL),
('CL/RIG2748', 'RIGNAULT', 'David', NULL, NULL, NULL, NULL, NULL),
('CL/TAR473', 'TARDY', 'Lydie', NULL, NULL, NULL, NULL, NULL),
('CL/SER3060', 'SERRA', 'Frederic', NULL, NULL, NULL, NULL, NULL),
('CL/GUI4430', 'GUILLERMARD', 'Alizee', NULL, NULL, NULL, NULL, NULL),
('CL/AND3630', 'ANDRE', 'Aline', NULL, NULL, NULL, NULL, NULL),
('CL/CHA3449', 'CHAMPAGNE', 'Romain', NULL, NULL, NULL, NULL, NULL),
('CL/NAG519', 'NAGAHAMA', 'Mauricio', NULL, NULL, NULL, NULL, NULL),
('CL/AMJ2081', 'AMJOD', 'Abdellah', NULL, NULL, NULL, NULL, NULL),
('CL/TAY3140', 'TAYANE', 'Nora', NULL, NULL, NULL, NULL, NULL),
('CL/TAO3386', 'TAOUFIK', 'Moulay', NULL, NULL, NULL, NULL, NULL),
('CL/SIN1492', 'SINTES', 'Regina', NULL, NULL, NULL, NULL, NULL),
('CL/BER2955', 'BERTHOULOUX', 'Ludivine', NULL, NULL, NULL, NULL, NULL),
('CL/JUL1587', 'JULLIE', 'Marie', NULL, NULL, NULL, NULL, NULL),
('CL/LE 2258', 'LE BORGNE', 'Marc', NULL, NULL, NULL, NULL, NULL),
('CL/HER571', 'HERBERT', 'Aurelie', NULL, NULL, NULL, NULL, NULL),
('CL/GRU1221', 'GRUFFAT', 'Hugo', NULL, NULL, NULL, NULL, NULL),
('CL/AHS3975', 'AHSBAHS', 'Isabelle', NULL, NULL, NULL, NULL, NULL),
('CL/LIE4857', 'LIEUTAUD', 'Regis', NULL, NULL, NULL, NULL, NULL),
('CL/SAL4530', 'SALLANDRE', 'Thierry', NULL, NULL, NULL, NULL, NULL),
('CL/VEU3419', 'VEUILLET', 'Jacques', NULL, NULL, NULL, NULL, NULL),
('CL/VID4103', 'VIDOT', 'Elphege', NULL, NULL, NULL, NULL, NULL),
('CL/FOR922', 'FORNAS', 'Charles', NULL, NULL, NULL, NULL, NULL),
('CL/MAT3556', 'MATAGNE', 'Clara', NULL, NULL, NULL, NULL, NULL),
('CL/CHI3573', 'CHINA', 'Katia', NULL, NULL, NULL, NULL, NULL),
('CL/MAT2401', 'MATAGNE', 'Isabelle', NULL, NULL, NULL, NULL, NULL),
('CL/ROC4323', 'ROCHER', 'Camille', NULL, NULL, NULL, NULL, NULL),
('CL/THE2882', 'THEBAULT', 'Jeremie', NULL, NULL, NULL, NULL, NULL),
('CL/SAL1004', 'SALLE', 'Sebastien', NULL, NULL, NULL, NULL, NULL),
('CL/DE 4440', 'DE PRAT', 'Raphael', NULL, NULL, NULL, NULL, NULL),
('CL/D\'A2015', 'D\'ANTONA', 'Laurine', NULL, NULL, NULL, NULL, NULL),
('CL/DAA4663', 'DAANTONA', 'Aurelie', NULL, NULL, NULL, NULL, NULL),
('CL/BON3908', 'BONNIN', 'Malorie', NULL, NULL, NULL, NULL, NULL),
('CL/GUE3815', 'GUEZ', 'Servane', NULL, NULL, NULL, NULL, NULL),
('CL/BAL578', 'BALTZER', 'Vanessa', NULL, NULL, NULL, NULL, NULL),
('CL/BEA1826', 'BEAUSIRE', 'Marc', NULL, NULL, NULL, NULL, NULL),
('CL/LHE1670', 'LHERBIER', 'Romeo', NULL, NULL, NULL, NULL, NULL),
('CL/FIO1971', 'FIORE', 'Lucien', NULL, NULL, NULL, NULL, NULL),
('CL/LER1541', 'LERMA', 'Yann', NULL, NULL, NULL, NULL, NULL),
('CL/MOL821', 'MOLES', 'Raphael', NULL, NULL, NULL, NULL, NULL),
('CL/UZU1371', 'UZUNER', 'Gulcan', NULL, NULL, NULL, NULL, NULL),
('CL/FRA2359', 'FRANCK', 'Marlene', NULL, NULL, NULL, NULL, NULL),
('CL/SAB1595', 'SABRAS', 'Audrey', NULL, NULL, NULL, NULL, NULL),
('CL/DUC3643', 'DUCOROY', 'Patrick', NULL, NULL, NULL, NULL, NULL),
('CL/SYL2553', 'SYLVIE', 'Papin', NULL, NULL, NULL, NULL, NULL),
('CL/TRO2175', 'TROUILLET', 'Alice', NULL, NULL, NULL, NULL, NULL),
('CL/BEN3861', 'BENYOUNES', 'Oualid', NULL, NULL, NULL, NULL, NULL),
('CL/FEL3569', 'FELBER', 'Philippe', NULL, NULL, NULL, NULL, NULL),
('CL/LES792', 'LESUR', 'Ludovic', NULL, NULL, NULL, NULL, NULL),
('CL/JEH2561', 'JEHANNO', 'Julia', NULL, NULL, NULL, NULL, NULL),
('CL/BER2403', 'BERGER', 'Emile', NULL, NULL, NULL, NULL, NULL),
('CL/VIL851', 'VILLALBA', 'Manon', NULL, NULL, NULL, NULL, NULL),
('CL/ROD4071', 'RODRIGUES', 'Steve', NULL, NULL, NULL, NULL, NULL),
('CL/DOU1502', 'DOUAUD', 'Charlotte', NULL, NULL, NULL, NULL, NULL),
('CL/CON691', 'CONSTANTINIDES', 'Thierry', NULL, NULL, NULL, NULL, NULL),
('CL/GOU745', 'GOURLET', 'Isabelle', NULL, NULL, NULL, NULL, NULL),
('CL/WIL4788', 'WILLIAMS', 'Pamela', NULL, NULL, NULL, NULL, NULL),
('CL/HOL406', 'HOLMES', 'Laurence', NULL, NULL, NULL, NULL, NULL),
('CL/ROM3956', 'ROMEO', 'Juliet', NULL, NULL, NULL, NULL, NULL),
('CL/SAU4263', 'SAUNIER', 'Theophane', NULL, NULL, NULL, NULL, NULL),
('CL/DEL1348', 'DELISLE', 'Patric', NULL, NULL, NULL, NULL, NULL),
('CL/DEL2251', 'DELISLE', 'Albane', NULL, NULL, NULL, NULL, NULL),
('CL/DEC475', 'DECONINCK', 'Louis', NULL, NULL, NULL, NULL, NULL),
('CL/CHA3371', 'CHARMION', 'Anne', NULL, NULL, NULL, NULL, NULL),
('CL/COU1229', 'COURTES', 'Dorothee', NULL, NULL, NULL, NULL, NULL),
('CL/AUB854', 'AUBERT', 'Emmanuelle', NULL, NULL, NULL, NULL, NULL),
('CL/HUS4103', 'HUSSON', 'Nathan', NULL, NULL, NULL, NULL, NULL),
('CL/NOC1988', 'NOCA', 'Dominique', NULL, NULL, NULL, NULL, NULL),
('CL/BES622', 'BESSIERE', 'Florence', NULL, NULL, NULL, NULL, NULL),
('CL/ORT2254', 'ORTEGA', 'Sylvain', NULL, NULL, NULL, NULL, NULL),
('CL/ZYL569', 'ZYLBERBLAT', 'Marc', NULL, NULL, NULL, NULL, NULL),
('CL/VAC3458', 'VACHETTE', 'Marie', NULL, NULL, NULL, NULL, NULL),
('CL/GIO2725', 'GIORDANO', 'Lucas', NULL, NULL, NULL, NULL, NULL),
('CL/CHR4407', 'CHRISTEL', 'Chabert', NULL, NULL, NULL, NULL, NULL);

-- --------------------------------------------------------

--
-- Table structure for table `PERSONNEL`
--

DROP TABLE IF EXISTS `PERSONNEL`;
CREATE TABLE `PERSONNEL` (
  `numPersonnel` int(11) NOT NULL,
  `nomPersonnel` text DEFAULT NULL,
  `prénomPersonnel` text DEFAULT NULL,
  `codeSalon` decimal(10,0) DEFAULT NULL
) ENGINE=InnoDB DEFAULT CHARSET=utf8mb4;

--
-- Dumping data for table `PERSONNEL`
--

INSERT INTO `PERSONNEL` (`numPersonnel`, `nomPersonnel`, `prénomPersonnel`, `codeSalon`) VALUES
(1, 'CESBRON', 'Leroy', '4'),
(2, 'BOUAKAZ', 'Herbert', '5'),
(3, 'CHAUSSIERE', 'Victoire', '2'),
(4, 'GOYER', 'Labbé', '3'),
(5, 'SABAS', 'Marie', '2'),
(6, 'PASQUET', 'Piéplu', '1'),
(7, 'PACCALIN', 'Ayala', '4'),
(8, 'RANDRE', 'Aurélie', '2'),
(9, 'MACE', 'Anne-Sophie', '2'),
(10, 'SEGERS', 'Vanessa', '2'),
(11, 'PRADINES', 'Thomas', '3'),
(12, 'FLORELLE', 'Eric', '1'),
(13, 'BONNET', 'Laurent', '4'),
(14, 'BONNET', 'Stephane', '5'),
(15, 'GIRARDON', 'Paulin', '5'),
(16, 'PELLETIER', 'Delphine', '2'),
(17, 'ZENI', 'Mathilde', '3');

-- --------------------------------------------------------

--
-- Table structure for table `PLANIFIER`
--

DROP TABLE IF EXISTS `PLANIFIER`;
CREATE TABLE `PLANIFIER` (
  `numClient` text DEFAULT NULL,
  `dateSoin` datetime DEFAULT NULL,
  `codeSoin` text DEFAULT NULL,
  `heureSoin` text DEFAULT NULL,
  `numPersonnel` decimal(10,0) DEFAULT NULL
) ENGINE=InnoDB DEFAULT CHARSET=utf8mb4;

--
-- Dumping data for table `PLANIFIER`
--

INSERT INTO `PLANIFIER` (`numClient`, `dateSoin`, `codeSoin`, `heureSoin`, `numPersonnel`) VALUES
('CL/ALA1203', '2021-01-18 00:00:00', 'MCALG', '09:00:00', '4'),
('CL/ALA1203', '2021-01-18 00:00:00', 'BIOA', '09:40:00', '11'),
('CL/ALA1203', '2021-01-18 00:00:00', 'M4M', '11:10:00', '8'),
('CL/ALA1203', '2021-01-18 00:00:00', 'AFDI', '12:20:00', '8'),
('CL/ALA1203', '2021-01-19 00:00:00', 'MHE', '14:00:00', '3'),
('CL/ALA1203', '2021-01-19 00:00:00', 'MVRA', '16:20:00', '13'),
('CL/ALA1203', '2021-01-19 00:00:00', 'MTC', '15:35:00', '10'),
('CL/ALA1203', '2021-01-19 00:00:00', 'MVIA', '17:35:00', '1'),
('CL/ALA1203', '2021-01-20 00:00:00', 'BAJE', '09:00:00', '13'),
('CL/ALA1203', '2021-01-20 00:00:00', 'MCALG', '10:35:00', '16'),
('CL/ALA1203', '2021-01-20 00:00:00', 'ONDO', '10:40:00', '7'),
('CL/ALA1203', '2021-01-20 00:00:00', 'AYUR', '11:50:00', '2'),
('CL/ALA1203', '2021-01-21 00:00:00', 'AYUR', '09:00:00', '16'),
('CL/ALA1203', '2021-01-21 00:00:00', 'MVIA', '10:50:00', '3'),
('CL/ALA1203', '2021-01-21 00:00:00', 'MVO', '10:50:00', '8'),
('CL/ALA1203', '2021-01-21 00:00:00', 'MIR', '11:50:00', '2'),
('CL/ALA1203', '2021-01-22 00:00:00', 'MIR', '14:00:00', '14'),
('CL/ALA1203', '2021-01-22 00:00:00', 'MVIA', '14:50:00', '2'),
('CL/ALA1203', '2021-01-22 00:00:00', 'MCTV', '15:50:00', '6'),
('CL/ALA1203', '2021-01-22 00:00:00', 'BIOA', '17:20:00', '17'),
('CL/ALA1203', '2021-01-23 00:00:00', 'MHE', '09:00:00', '3'),
('CL/ALA1203', '2021-01-23 00:00:00', 'ONDO', '11:20:00', '14'),
('CL/ALA1203', '2021-01-23 00:00:00', 'MVIA', '10:50:00', '3'),
('CL/ALA1203', '2021-01-23 00:00:00', 'ONDO', '11:50:00', '13'),
('CL/BlN540', '2021-03-08 00:00:00', 'M4M', '09:00:00', '13'),
('CL/BlN540', '2021-03-08 00:00:00', 'AYUR', '10:20:00', '8'),
('CL/BlN540', '2021-03-08 00:00:00', 'AYUR', '11:50:00', '15'),
('CL/BlN540', '2021-03-08 00:00:00', 'BIOA', '12:50:00', '15'),
('CL/BlN540', '2021-03-09 00:00:00', 'MHE', '14:00:00', '2'),
('CL/BlN540', '2021-03-09 00:00:00', 'MCALG', '16:20:00', '14'),
('CL/BlN540', '2021-03-09 00:00:00', 'ONDO', '15:40:00', '4'),
('CL/BlN540', '2021-03-09 00:00:00', 'M4M', '16:50:00', '4'),
('CL/BlN540', '2021-03-10 00:00:00', 'MCTV', '09:00:00', '9'),
('CL/BlN540', '2021-03-10 00:00:00', 'MCTV', '10:20:00', '3'),
('CL/BlN540', '2021-03-10 00:00:00', 'MCHIB', '11:20:00', '13'),
('CL/BlN540', '2021-03-10 00:00:00', 'MVIA', '12:35:00', '17'),
('CL/BlN540', '2021-03-11 00:00:00', 'BAJE', '09:00:00', '1'),
('CL/BlN540', '2021-03-11 00:00:00', 'ONDO', '10:35:00', '4'),
('CL/BlN540', '2021-03-11 00:00:00', 'BAJE', '10:50:00', '17'),
('CL/BlN540', '2021-03-11 00:00:00', 'M4M', '12:35:00', '15'),
('CL/BlN540', '2021-03-12 00:00:00', 'MTC', '14:00:00', '10'),
('CL/BlN540', '2021-03-12 00:00:00', 'AFDI', '15:35:00', '3'),
('CL/BlN540', '2021-03-12 00:00:00', 'AYUR', '15:35:00', '7'),
('CL/BlN540', '2021-03-12 00:00:00', 'MVRA', '17:50:00', '15'),
('CL/BlN540', '2021-03-13 00:00:00', 'BIOA', '09:00:00', '1'),
('CL/BlN540', '2021-03-13 00:00:00', 'MHE', '10:10:00', '13'),
('CL/BlN540', '2021-03-13 00:00:00', 'MCTV', '12:20:00', '14'),
('CL/BlN540', '2021-03-13 00:00:00', 'BAJE', '12:20:00', '16'),
('CL/ CHA901', '2021-03-15 00:00:00', 'MHE', '09:00:00', '5'),
('CL/ CHA901', '2021-03-15 00:00:00', 'MCALG', '11:20:00', '17'),
('CL/ CHA901', '2021-03-15 00:00:00', 'MCALG', '10:40:00', '17'),
('CL/ CHA901', '2021-03-15 00:00:00', 'AYUR', '11:40:00', '8'),
('CL/ CHA901', '2021-03-16 00:00:00', 'MVRA', '14:00:00', '13'),
('CL/ CHA901', '2021-03-16 00:00:00', 'MCALG', '14:35:00', '16'),
('CL/ CHA901', '2021-03-16 00:00:00', 'AFDI', '15:40:00', '2'),
('CL/ CHA901', '2021-03-16 00:00:00', 'MVIA', '16:35:00', '2'),
('CL/ CHA901', '2021-03-17 00:00:00', 'MVO', '09:00:00', '2'),
('CL/ CHA901', '2021-03-17 00:00:00', 'MHE', '09:50:00', '6'),
('CL/ CHA901', '2021-03-17 00:00:00', 'BAJE', '12:20:00', '3'),
('CL/ CHA901', '2021-03-17 00:00:00', 'BAJE', '12:35:00', '11'),
('CL/ CHA901', '2021-03-18 00:00:00', 'MVO', '09:00:00', '17'),
('CL/ CHA901', '2021-03-18 00:00:00', 'MCALG', '09:50:00', '4'),
('CL/ CHA901', '2021-03-18 00:00:00', 'MVO', '10:40:00', '5'),
('CL/ CHA901', '2021-03-18 00:00:00', 'MIR', '11:50:00', '7'),
('CL/ CHA901', '2021-03-19 00:00:00', 'MVIA', '14:00:00', '16'),
('CL/ CHA901', '2021-03-19 00:00:00', 'MIR', '14:50:00', '13'),
('CL/ CHA901', '2021-03-19 00:00:00', 'BAJE', '15:50:00', '7'),
('CL/ CHA901', '2021-03-19 00:00:00', 'ONDO', '17:35:00', '15'),
('CL/ CHA901', '2021-03-20 00:00:00', 'MVIA', '09:00:00', '15'),
('CL/ CHA901', '2021-03-20 00:00:00', 'BAJE', '09:50:00', '3'),
('CL/ CHA901', '2021-03-20 00:00:00', 'MHE', '11:35:00', '6'),
('CL/ CHA901', '2021-03-20 00:00:00', 'AYUR', '13:20:00', '13'),
('CL/COT753', '2021-03-29 00:00:00', 'M4M', '09:00:00', '5'),
('CL/COT753', '2021-03-29 00:00:00', 'AFDI', '10:20:00', '17'),
('CL/COT753', '2021-03-29 00:00:00', 'BIOA', '10:35:00', '2'),
('CL/COT753', '2021-03-29 00:00:00', 'MCHIB', '12:10:00', '13'),
('CL/COT753', '2021-03-30 00:00:00', 'BIOA', '14:00:00', '12'),
('CL/COT753', '2021-03-30 00:00:00', 'M4M', '15:10:00', '2'),
('CL/COT753', '2021-03-30 00:00:00', 'MCHIB', '16:20:00', '11'),
('CL/COT753', '2021-03-30 00:00:00', 'ONDO', '17:35:00', '14'),
('CL/COT753', '2021-03-31 00:00:00', 'MCALG', '09:00:00', '8'),
('CL/COT753', '2021-03-31 00:00:00', 'MVRA', '09:40:00', '10'),
('CL/COT753', '2021-03-31 00:00:00', 'MCTV', '10:35:00', '3'),
('CL/COT753', '2021-03-31 00:00:00', 'MVO', '12:20:00', '5'),
('CL/COT753', '2021-04-01 00:00:00', 'MCALG', '09:00:00', '12'),
('CL/COT753', '2021-04-01 00:00:00', 'MCALG', '09:40:00', '8'),
('CL/COT753', '2021-04-01 00:00:00', 'MVO', '10:40:00', '5'),
('CL/COT753', '2021-04-01 00:00:00', 'MIR', '11:50:00', '7'),
('CL/COT753', '2021-04-02 00:00:00', 'MTC', '14:00:00', '11'),
('CL/COT753', '2021-04-02 00:00:00', 'MCHIB', '15:35:00', '6'),
('CL/COT753', '2021-04-02 00:00:00', 'BAJE', '16:35:00', '1'),
('CL/COT753', '2021-04-02 00:00:00', 'MHE', '17:35:00', '6'),
('CL/COT753', '2021-04-03 00:00:00', 'MCTV', '09:00:00', '11'),
('CL/COT753', '2021-04-03 00:00:00', 'MCHIB', '10:20:00', '8'),
('CL/COT753', '2021-04-03 00:00:00', 'MCTV', '11:35:00', '5'),
('CL/COT753', '2021-04-03 00:00:00', 'MCALG', '12:20:00', '16'),
('CL/DON2008', '2021-06-07 00:00:00', 'MVIA', '09:00:00', '3'),
('CL/DON2008', '2021-06-07 00:00:00', 'ONDO', '09:50:00', '5'),
('CL/DON2008', '2021-06-07 00:00:00', 'ONDO', '10:50:00', '10'),
('CL/DON2008', '2021-06-07 00:00:00', 'MIR', '11:50:00', '4'),
('CL/DON2008', '2021-06-08 00:00:00', 'MTC', '14:00:00', '7'),
('CL/DON2008', '2021-06-08 00:00:00', 'MHE', '15:35:00', '16'),
('CL/DON2008', '2021-06-08 00:00:00', 'MVIA', '17:20:00', '2'),
('CL/DON2008', '2021-06-08 00:00:00', 'BAJE', '16:50:00', '16'),
('CL/DON2008', '2021-06-09 00:00:00', 'MVO', '09:00:00', '7'),
('CL/DON2008', '2021-06-09 00:00:00', 'MIR', '09:50:00', '6'),
('CL/DON2008', '2021-06-09 00:00:00', 'MHE', '10:50:00', '3'),
('CL/DON2008', '2021-06-09 00:00:00', 'AYUR', '13:20:00', '11'),
('CL/DON2008', '2021-06-10 00:00:00', 'MCTV', '09:00:00', '13'),
('CL/DON2008', '2021-06-10 00:00:00', 'MTC', '10:20:00', '11'),
('CL/DON2008', '2021-06-10 00:00:00', 'MVRA', '11:35:00', '9'),
('CL/DON2008', '2021-06-10 00:00:00', 'AFDI', '11:35:00', '7'),
('CL/DON2008', '2021-06-11 00:00:00', 'M4M', '14:00:00', '6'),
('CL/DON2008', '2021-06-11 00:00:00', 'AFDI', '15:20:00', '16'),
('CL/DON2008', '2021-06-11 00:00:00', 'MIR', '15:35:00', '14'),
('CL/DON2008', '2021-06-11 00:00:00', 'MCALG', '16:50:00', '11'),
('CL/DON2008', '2021-06-12 00:00:00', 'ONDO', '09:00:00', '13'),
('CL/DON2008', '2021-06-12 00:00:00', 'MHE', '09:50:00', '17'),
('CL/DON2008', '2021-06-12 00:00:00', 'AYUR', '12:20:00', '9'),
('CL/DON2008', '2021-06-12 00:00:00', 'M4M', '12:50:00', '15'),
('CL/EST3503', '2021-07-05 00:00:00', 'AFDI', '09:00:00', '9'),
('CL/EST3503', '2021-07-05 00:00:00', 'MTC', '09:35:00', '7'),
('CL/EST3503', '2021-07-05 00:00:00', 'MTC', '11:35:00', '10'),
('CL/EST3503', '2021-07-05 00:00:00', 'AYUR', '12:35:00', '13'),
('CL/EST3503', '2021-07-06 00:00:00', 'MHE', '14:00:00', '6'),
('CL/EST3503', '2021-07-06 00:00:00', 'BAJE', '16:20:00', '8'),
('CL/EST3503', '2021-07-06 00:00:00', 'MIR', '16:35:00', '17'),
('CL/EST3503', '2021-07-06 00:00:00', 'MTC', '16:50:00', '16'),
('CL/EST3503', '2021-07-07 00:00:00', 'BAJE', '09:00:00', '5'),
('CL/EST3503', '2021-07-07 00:00:00', 'MVO', '10:35:00', '11'),
('CL/EST3503', '2021-07-07 00:00:00', 'AYUR', '10:50:00', '9'),
('CL/EST3503', '2021-07-07 00:00:00', 'MCALG', '12:50:00', '1'),
('CL/EST3503', '2021-07-08 00:00:00', 'MVIA', '09:00:00', '1'),
('CL/EST3503', '2021-07-08 00:00:00', 'BAJE', '09:50:00', '15'),
('CL/EST3503', '2021-07-08 00:00:00', 'MHE', '11:35:00', '6'),
('CL/EST3503', '2021-07-08 00:00:00', 'MHE', '13:20:00', '2'),
('CL/EST3503', '2021-07-09 00:00:00', 'MVRA', '14:00:00', '3'),
('CL/EST3503', '2021-07-09 00:00:00', 'AFDI', '14:35:00', '11'),
('CL/EST3503', '2021-07-09 00:00:00', 'MCHIB', '15:35:00', '1'),
('CL/EST3503', '2021-07-09 00:00:00', 'MVIA', '17:35:00', '15'),
('CL/EST3503', '2021-07-10 00:00:00', 'M4M', '09:00:00', '17'),
('CL/EST3503', '2021-07-10 00:00:00', 'MVIA', '10:20:00', '17'),
('CL/EST3503', '2021-07-10 00:00:00', 'ONDO', '10:50:00', '1'),
('CL/EST3503', '2021-07-10 00:00:00', 'MVIA', '11:50:00', '16'),
('CL/FAR15204', '2021-08-16 00:00:00', 'MCHIB', '09:00:00', '5'),
('CL/FAR15204', '2021-08-16 00:00:00', 'MIR', '10:35:00', '13'),
('CL/FAR15204', '2021-08-16 00:00:00', 'MCHIB', '10:50:00', '17'),
('CL/FAR15204', '2021-08-16 00:00:00', 'MHE', '12:35:00', '7'),
('CL/FAR15204', '2021-08-17 00:00:00', 'MCHIB', '14:00:00', '1'),
('CL/FAR15204', '2021-08-17 00:00:00', 'MVRA', '15:35:00', '1'),
('CL/FAR15204', '2021-08-17 00:00:00', 'MVIA', '15:35:00', '6'),
('CL/FAR15204', '2021-08-17 00:00:00', 'MVRA', '16:50:00', '4'),
('CL/FAR15204', '2021-08-18 00:00:00', 'MCHIB', '09:00:00', '4'),
('CL/FAR15204', '2021-08-18 00:00:00', 'MIR', '10:35:00', '12'),
('CL/FAR15204', '2021-08-18 00:00:00', 'AYUR', '10:50:00', '3'),
('CL/FAR15204', '2021-08-18 00:00:00', 'MHE', '12:50:00', '5'),
('CL/FAR15204', '2021-08-19 00:00:00', 'MHE', '09:00:00', '12'),
('CL/FAR15204', '2021-08-19 00:00:00', 'AFDI', '11:20:00', '17'),
('CL/FAR15204', '2021-08-19 00:00:00', 'MTC', '10:35:00', '15'),
('CL/FAR15204', '2021-08-19 00:00:00', 'MCALG', '12:35:00', '14'),
('CL/FAR15204', '2021-08-20 00:00:00', 'MVRA', '14:00:00', '11'),
('CL/FAR15204', '2021-08-20 00:00:00', 'MCTV', '14:35:00', '6'),
('CL/FAR15204', '2021-08-20 00:00:00', 'BIOA', '16:20:00', '13'),
('CL/FAR15204', '2021-08-20 00:00:00', 'M4M', '17:10:00', '8'),
('CL/FAR15204', '2021-08-21 00:00:00', 'MVRA', '09:00:00', '1'),
('CL/FAR15204', '2021-08-21 00:00:00', 'MCALG', '09:35:00', '8'),
('CL/FAR15204', '2021-08-21 00:00:00', 'AFDI', '10:40:00', '14'),
('CL/FAR15204', '2021-08-21 00:00:00', 'AFDI', '11:35:00', '7'),
('CL/GAR42815', '2021-09-06 00:00:00', 'AYUR', '09:00:00', '16'),
('CL/GAR42815', '2021-09-06 00:00:00', 'BIOA', '10:50:00', '7'),
('CL/GAR42815', '2021-09-06 00:00:00', 'M4M', '11:10:00', '10'),
('CL/GAR42815', '2021-09-06 00:00:00', 'BIOA', '12:20:00', '1'),
('CL/GAR42815', '2021-09-07 00:00:00', 'BAJE', '14:00:00', '13'),
('CL/GAR42815', '2021-09-07 00:00:00', 'MCALG', '15:35:00', '11'),
('CL/GAR42815', '2021-09-07 00:00:00', 'MCHIB', '15:40:00', '13'),
('CL/GAR42815', '2021-09-07 00:00:00', 'MVRA', '17:35:00', '7'),
('CL/GAR42815', '2021-09-08 00:00:00', 'AFDI', '09:00:00', '12'),
('CL/GAR42815', '2021-09-08 00:00:00', 'MVRA', '09:35:00', '1'),
('CL/GAR42815', '2021-09-08 00:00:00', 'AFDI', '10:35:00', '2'),
('CL/GAR42815', '2021-09-08 00:00:00', 'MVIA', '11:35:00', '6'),
('CL/GAR42815', '2021-09-09 00:00:00', 'MCHIB', '09:00:00', '6'),
('CL/GAR42815', '2021-09-09 00:00:00', 'MIR', '10:35:00', '17'),
('CL/GAR42815', '2021-09-09 00:00:00', 'BIOA', '10:50:00', '14'),
('CL/GAR42815', '2021-09-09 00:00:00', 'AFDI', '12:10:00', '14'),
('CL/GAR42815', '2021-09-10 00:00:00', 'BAJE', '14:00:00', '8'),
('CL/GAR42815', '2021-09-10 00:00:00', 'MTC', '15:35:00', '17'),
('CL/GAR42815', '2021-09-10 00:00:00', 'MCALG', '16:35:00', '13'),
('CL/GAR42815', '2021-09-10 00:00:00', 'MCALG', '16:40:00', '12'),
('CL/GAR42815', '2021-09-11 00:00:00', 'ONDO', '09:00:00', '14'),
('CL/GAR42815', '2021-09-11 00:00:00', 'MVO', '09:50:00', '12'),
('CL/GAR42815', '2021-09-11 00:00:00', 'MVRA', '10:50:00', '7'),
('CL/GAR42815', '2021-09-11 00:00:00', 'MCALG', '11:35:00', '7'),
('CL/HEU42816', '2021-09-27 00:00:00', 'MVRA', '09:00:00', '4'),
('CL/HEU42816', '2021-09-27 00:00:00', 'AYUR', '09:35:00', '3'),
('CL/HEU42816', '2021-09-27 00:00:00', 'AFDI', '11:50:00', '10'),
('CL/HEU42816', '2021-09-27 00:00:00', 'MTC', '11:35:00', '10'),
('CL/HEU42816', '2021-09-28 00:00:00', 'AFDI', '14:00:00', '10'),
('CL/HEU42816', '2021-09-28 00:00:00', 'BIOA', '14:35:00', '5'),
('CL/HEU42816', '2021-09-28 00:00:00', 'MVO', '16:10:00', '1'),
('CL/HEU42816', '2021-09-28 00:00:00', 'MHE', '16:50:00', '4'),
('CL/HEU42816', '2021-09-29 00:00:00', 'ONDO', '09:00:00', '11'),
('CL/HEU42816', '2021-09-29 00:00:00', 'MVRA', '09:50:00', '10'),
('CL/HEU42816', '2021-09-29 00:00:00', 'AYUR', '10:35:00', '13'),
('CL/HEU42816', '2021-09-29 00:00:00', 'BAJE', '12:50:00', '4'),
('CL/HEU42816', '2021-09-30 00:00:00', 'MHE', '09:00:00', '14'),
('CL/HEU42816', '2021-09-30 00:00:00', 'MCALG', '11:20:00', '3'),
('CL/HEU42816', '2021-09-30 00:00:00', 'MVRA', '10:40:00', '9'),
('CL/HEU42816', '2021-09-30 00:00:00', 'MVIA', '11:35:00', '17'),
('CL/HEU42816', '2021-10-01 00:00:00', 'MHE', '14:00:00', '2'),
('CL/HEU42816', '2021-10-01 00:00:00', 'MTC', '16:20:00', '9'),
('CL/HEU42816', '2021-10-01 00:00:00', 'MVRA', '16:35:00', '16'),
('CL/HEU42816', '2021-10-01 00:00:00', 'BAJE', '16:35:00', '7'),
('CL/HEU42816', '2021-10-02 00:00:00', 'MCHIB', '09:00:00', '15'),
('CL/HEU42816', '2021-10-02 00:00:00', 'MIR', '10:35:00', '6'),
('CL/HEU42816', '2021-10-02 00:00:00', 'MTC', '10:50:00', '15'),
('CL/HEU42816', '2021-10-02 00:00:00', 'MVO', '12:35:00', '4'),
('CL/RAF3376', '2021-10-11 00:00:00', 'MIR', '00:00:00', '14'),
('CL/RAF3376', '2021-10-11 00:00:00', 'BAJE', '00:50:00', '15'),
('CL/RAF3376', '2021-10-11 00:00:00', 'MVIA', '01:35:00', '13'),
('CL/RAF3376', '2021-10-11 00:00:00', 'MTC', '00:50:00', '1'),
('CL/RAF3376', '2021-10-12 00:00:00', 'MIR', '00:00:00', '10'),
('CL/RAF3376', '2021-10-12 00:00:00', 'M4M', '00:50:00', '15'),
('CL/RAF3376', '2021-10-12 00:00:00', 'MIR', '01:20:00', '7'),
('CL/RAF3376', '2021-10-12 00:00:00', 'AYUR', '00:50:00', '5'),
('CL/RAF3376', '2021-10-13 00:00:00', 'MIR', '00:00:00', '17'),
('CL/RAF3376', '2021-10-13 00:00:00', 'M4M', '00:50:00', '6'),
('CL/RAF3376', '2021-10-13 00:00:00', 'MVRA', '01:20:00', '14'),
('CL/RAF3376', '2021-10-13 00:00:00', 'M4M', '00:35:00', '16'),
('CL/RAF3376', '2021-10-14 00:00:00', 'MVO', '00:00:00', '4'),
('CL/RAF3376', '2021-10-14 00:00:00', 'BAJE', '00:50:00', '5'),
('CL/RAF3376', '2021-10-14 00:00:00', 'AYUR', '01:35:00', '8'),
('CL/RAF3376', '2021-10-14 00:00:00', 'BAJE', '01:50:00', '6'),
('CL/RAF3376', '2021-10-15 00:00:00', 'M4M', '00:00:00', '10'),
('CL/RAF3376', '2021-10-15 00:00:00', 'MCALG', '01:20:00', '15'),
('CL/RAF3376', '2021-10-15 00:00:00', 'MCTV', '00:40:00', '17'),
('CL/RAF3376', '2021-10-15 00:00:00', 'MVRA', '01:20:00', '16'),
('CL/RAF3376', '2021-10-16 00:00:00', 'MVRA', '00:00:00', '13'),
('CL/RAF3376', '2021-10-16 00:00:00', 'ONDO', '00:35:00', '17'),
('CL/RAF3376', '2021-10-16 00:00:00', 'ONDO', '00:50:00', '6'),
('CL/RAF3376', '2021-10-16 00:00:00', 'ONDO', '00:50:00', '4'),
('CL/MOR433', '2021-10-25 00:00:00', 'BAJE', '00:00:00', '12'),
('CL/MOR433', '2021-10-25 00:00:00', 'MHE', '01:35:00', '4'),
('CL/MOR433', '2021-10-25 00:00:00', 'MIR', '02:20:00', '13'),
('CL/MOR433', '2021-10-25 00:00:00', 'MCTV', '00:50:00', '10'),
('CL/MOR433', '2021-10-26 00:00:00', 'MVO', '00:00:00', '8'),
('CL/MOR433', '2021-10-26 00:00:00', 'AFDI', '00:50:00', '14'),
('CL/MOR433', '2021-10-26 00:00:00', 'M4M', '00:35:00', '17'),
('CL/MOR433', '2021-10-26 00:00:00', 'M4M', '01:20:00', '15'),
('CL/MOR433', '2021-10-27 00:00:00', 'MVIA', '00:00:00', '14'),
('CL/MOR433', '2021-10-27 00:00:00', 'M4M', '00:50:00', '1'),
('CL/MOR433', '2021-10-27 00:00:00', 'BIOA', '01:20:00', '7'),
('CL/MOR433', '2021-10-27 00:00:00', 'MCTV', '01:10:00', '6'),
('CL/MOR433', '2021-10-28 00:00:00', 'M4M', '00:00:00', '5'),
('CL/MOR433', '2021-10-28 00:00:00', 'BIOA', '01:20:00', '15'),
('CL/MOR433', '2021-10-28 00:00:00', 'MCHIB', '01:10:00', '7'),
('CL/MOR433', '2021-10-28 00:00:00', 'MTC', '01:35:00', '2'),
('CL/MOR433', '2021-10-29 00:00:00', 'BAJE', '00:00:00', '2'),
('CL/MOR433', '2021-10-29 00:00:00', 'MHE', '01:35:00', '9'),
('CL/MOR433', '2021-10-29 00:00:00', 'MCHIB', '02:20:00', '11'),
('CL/MOR433', '2021-10-29 00:00:00', 'MCHIB', '01:35:00', '17'),
('CL/MOR433', '2021-10-30 00:00:00', 'MCALG', '00:00:00', '1'),
('CL/MOR433', '2021-10-30 00:00:00', 'MIR', '00:40:00', '2'),
('CL/MOR433', '2021-10-30 00:00:00', 'MCHIB', '00:50:00', '3'),
('CL/MOR433', '2021-10-30 00:00:00', 'ONDO', '01:35:00', '15'),
('CL/ANT1834', '2021-11-08 00:00:00', 'ONDO', '00:00:00', '14'),
('CL/ANT1834', '2021-11-08 00:00:00', 'MVO', '00:50:00', '2'),
('CL/ANT1834', '2021-11-08 00:00:00', 'BIOA', '00:50:00', '7'),
('CL/ANT1834', '2021-11-08 00:00:00', 'AYUR', '01:10:00', '5'),
('CL/ANT1834', '2021-11-09 00:00:00', 'MHE', '00:00:00', '3'),
('CL/ANT1834', '2021-11-09 00:00:00', 'MHE', '02:20:00', '8'),
('CL/ANT1834', '2021-11-09 00:00:00', 'MHE', '02:20:00', '8'),
('CL/ANT1834', '2021-11-09 00:00:00', 'ONDO', '02:20:00', '4'),
('CL/ANT1834', '2021-11-10 00:00:00', 'MCTV', '00:00:00', '7'),
('CL/ANT1834', '2021-11-10 00:00:00', 'MCTV', '01:20:00', '4'),
('CL/ANT1834', '2021-11-10 00:00:00', 'BIOA', '01:20:00', '17'),
('CL/ANT1834', '2021-11-10 00:00:00', 'BAJE', '01:10:00', '8'),
('CL/ANT1834', '2021-11-11 00:00:00', 'MVRA', '00:00:00', '8'),
('CL/ANT1834', '2021-11-11 00:00:00', 'MIR', '00:35:00', '15'),
('CL/ANT1834', '2021-11-11 00:00:00', 'M4M', '00:50:00', '8'),
('CL/ANT1834', '2021-11-11 00:00:00', 'AYUR', '01:20:00', '4'),
('CL/ANT1834', '2021-11-12 00:00:00', 'AFDI', '00:00:00', '4'),
('CL/ANT1834', '2021-11-12 00:00:00', 'M4M', '00:35:00', '15'),
('CL/ANT1834', '2021-11-12 00:00:00', 'ONDO', '01:20:00', '10'),
('CL/ANT1834', '2021-11-12 00:00:00', 'MTC', '00:50:00', '13'),
('CL/ANT1834', '2021-11-13 00:00:00', 'BAJE', '00:00:00', '1'),
('CL/ANT1834', '2021-11-13 00:00:00', 'MHE', '01:35:00', '8'),
('CL/ANT1834', '2021-11-13 00:00:00', 'MVO', '02:20:00', '16'),
('CL/ANT1834', '2021-11-13 00:00:00', 'MVIA', '00:50:00', '13'),
('CL/MES4891', '2021-12-06 00:00:00', 'MVIA', '00:00:00', '1'),
('CL/MES4891', '2021-12-06 00:00:00', 'AYUR', '00:50:00', '2'),
('CL/MES4891', '2021-12-06 00:00:00', 'MTC', '01:50:00', '9'),
('CL/MES4891', '2021-12-06 00:00:00', 'MVO', '01:35:00', '3'),
('CL/MES4891', '2021-12-07 00:00:00', 'M4M', '00:00:00', '2'),
('CL/MES4891', '2021-12-07 00:00:00', 'MTC', '01:20:00', '9'),
('CL/MES4891', '2021-12-07 00:00:00', 'MCTV', '01:35:00', '11'),
('CL/MES4891', '2021-12-07 00:00:00', 'M4M', '01:20:00', '4'),
('CL/MES4891', '2021-12-08 00:00:00', 'MVIA', '00:00:00', '15'),
('CL/MES4891', '2021-12-08 00:00:00', 'MHE', '00:50:00', '3'),
('CL/MES4891', '2021-12-08 00:00:00', 'AYUR', '02:20:00', '8'),
('CL/MES4891', '2021-12-08 00:00:00', 'MCHIB', '01:50:00', '9'),
('CL/MES4891', '2021-12-09 00:00:00', 'MCALG', '00:00:00', '9'),
('CL/MES4891', '2021-12-09 00:00:00', 'M4M', '00:40:00', '13'),
('CL/MES4891', '2021-12-09 00:00:00', 'MHE', '01:20:00', '10'),
('CL/MES4891', '2021-12-09 00:00:00', 'BIOA', '02:20:00', '3'),
('CL/MES4891', '2021-12-10 00:00:00', 'AFDI', '00:00:00', '6'),
('CL/MES4891', '2021-12-10 00:00:00', 'MVRA', '00:35:00', '4'),
('CL/MES4891', '2021-12-10 00:00:00', 'MCTV', '00:35:00', '15'),
('CL/MES4891', '2021-12-10 00:00:00', 'BIOA', '01:20:00', '8'),
('CL/MES4891', '2021-12-11 00:00:00', 'AFDI', '00:00:00', '1'),
('CL/MES4891', '2021-12-11 00:00:00', 'BAJE', '00:35:00', '15'),
('CL/MES4891', '2021-12-11 00:00:00', 'ONDO', '01:35:00', '6'),
('CL/MES4891', '2021-12-11 00:00:00', 'MTC', '00:50:00', '15'),
('CL/WAG694', '2022-01-03 00:00:00', 'MVRA', '00:00:00', '14'),
('CL/WAG694', '2022-01-03 00:00:00', 'MCHIB', '00:35:00', '16'),
('CL/WAG694', '2022-01-03 00:00:00', 'MVO', '01:35:00', '17'),
('CL/WAG694', '2022-01-03 00:00:00', 'MHE', '00:50:00', '5'),
('CL/WAG694', '2022-01-04 00:00:00', 'MCALG', '00:00:00', '17'),
('CL/WAG694', '2022-01-04 00:00:00', 'AYUR', '00:40:00', '6'),
('CL/WAG694', '2022-01-04 00:00:00', 'MHE', '01:50:00', '10'),
('CL/WAG694', '2022-01-04 00:00:00', 'MVIA', '02:20:00', '9'),
('CL/WAG694', '2022-01-05 00:00:00', 'MIR', '00:00:00', '7'),
('CL/WAG694', '2022-01-05 00:00:00', 'MHE', '00:50:00', '7'),
('CL/WAG694', '2022-01-05 00:00:00', 'MVO', '02:20:00', '2'),
('CL/WAG694', '2022-01-05 00:00:00', 'AYUR', '00:50:00', '3'),
('CL/WAG694', '2022-01-06 00:00:00', 'M4M', '00:00:00', '9'),
('CL/WAG694', '2022-01-06 00:00:00', 'MVO', '01:20:00', '10'),
('CL/WAG694', '2022-01-06 00:00:00', 'BIOA', '00:50:00', '14'),
('CL/WAG694', '2022-01-06 00:00:00', 'ONDO', '01:10:00', '2'),
('CL/WAG694', '2022-01-07 00:00:00', 'MVO', '00:00:00', '4'),
('CL/WAG694', '2022-01-07 00:00:00', 'MTC', '00:50:00', '7'),
('CL/WAG694', '2022-01-07 00:00:00', 'MCHIB', '01:35:00', '15'),
('CL/WAG694', '2022-01-07 00:00:00', 'MVRA', '01:35:00', '3'),
('CL/WAG694', '2022-01-08 00:00:00', 'MVRA', '00:00:00', '7'),
('CL/WAG694', '2022-01-08 00:00:00', 'MVRA', '00:35:00', '14'),
('CL/WAG694', '2022-01-08 00:00:00', 'MVRA', '00:35:00', '1'),
('CL/WAG694', '2022-01-08 00:00:00', 'MVRA', '00:35:00', '9'),
('CL/DEG469', '2022-01-10 00:00:00', 'MCTV', '00:00:00', '11'),
('CL/DEG469', '2022-01-10 00:00:00', 'MHE', '01:20:00', '11'),
('CL/DEG469', '2022-01-10 00:00:00', 'MVIA', '02:20:00', '13'),
('CL/DEG469', '2022-01-10 00:00:00', 'MCALG', '00:50:00', '10'),
('CL/DEG469', '2022-01-11 00:00:00', 'MCALG', '00:00:00', '13'),
('CL/DEG469', '2022-01-11 00:00:00', 'BIOA', '00:40:00', '14'),
('CL/DEG469', '2022-01-11 00:00:00', 'BIOA', '01:10:00', '6'),
('CL/DEG469', '2022-01-11 00:00:00', 'MVRA', '01:10:00', '3'),
('CL/DEG469', '2022-01-12 00:00:00', 'MCALG', '00:00:00', '5'),
('CL/DEG469', '2022-01-12 00:00:00', 'MCTV', '00:40:00', '16'),
('CL/DEG469', '2022-01-12 00:00:00', 'BIOA', '01:20:00', '5'),
('CL/DEG469', '2022-01-12 00:00:00', 'MVIA', '01:10:00', '15'),
('CL/DEG469', '2022-01-13 00:00:00', 'BAJE', '00:00:00', '12'),
('CL/DEG469', '2022-01-13 00:00:00', 'AYUR', '01:35:00', '7'),
('CL/DEG469', '2022-01-13 00:00:00', 'AYUR', '01:50:00', '9'),
('CL/DEG469', '2022-01-13 00:00:00', 'ONDO', '01:50:00', '8'),
('CL/DEG469', '2022-01-14 00:00:00', 'M4M', '00:00:00', '17'),
('CL/DEG469', '2022-01-14 00:00:00', 'MCTV', '01:20:00', '7'),
('CL/DEG469', '2022-01-14 00:00:00', 'AFDI', '01:20:00', '8'),
('CL/DEG469', '2022-01-14 00:00:00', 'BAJE', '00:35:00', '3'),
('CL/DEG469', '2022-01-15 00:00:00', 'MIR', '00:00:00', '5'),
('CL/DEG469', '2022-01-15 00:00:00', 'M4M', '00:50:00', '2'),
('CL/DEG469', '2022-01-15 00:00:00', 'MCHIB', '01:20:00', '7'),
('CL/DEG469', '2022-01-15 00:00:00', 'MIR', '01:35:00', '6'),
('CL/INC945', '2022-01-24 00:00:00', 'AFDI', '00:00:00', '10'),
('CL/INC945', '2022-01-24 00:00:00', 'MVIA', '00:35:00', '16'),
('CL/INC945', '2022-01-24 00:00:00', 'MHE', '00:50:00', '5'),
('CL/INC945', '2022-01-24 00:00:00', 'AFDI', '02:20:00', '10'),
('CL/INC945', '2022-01-25 00:00:00', 'MTC', '00:00:00', '10'),
('CL/INC945', '2022-01-25 00:00:00', 'MTC', '01:35:00', '2'),
('CL/INC945', '2022-01-25 00:00:00', 'MCTV', '01:35:00', '13'),
('CL/INC945', '2022-01-25 00:00:00', 'MTC', '01:20:00', '5'),
('CL/INC945', '2022-01-26 00:00:00', 'ONDO', '00:00:00', '9'),
('CL/INC945', '2022-01-26 00:00:00', 'BAJE', '00:50:00', '8'),
('CL/INC945', '2022-01-26 00:00:00', 'MIR', '01:35:00', '6'),
('CL/INC945', '2022-01-26 00:00:00', 'MHE', '00:50:00', '3'),
('CL/INC945', '2022-01-27 00:00:00', 'MTC', '00:00:00', '8'),
('CL/INC945', '2022-01-27 00:00:00', 'MVO', '01:35:00', '2'),
('CL/INC945', '2022-01-27 00:00:00', 'BIOA', '00:50:00', '7'),
('CL/INC945', '2022-01-27 00:00:00', 'MHE', '01:10:00', '4'),
('CL/INC945', '2022-01-28 00:00:00', 'AFDI', '00:00:00', '2'),
('CL/INC945', '2022-01-28 00:00:00', 'MCTV', '00:35:00', '13'),
('CL/INC945', '2022-01-28 00:00:00', 'MVO', '01:20:00', '14'),
('CL/INC945', '2022-01-28 00:00:00', 'ONDO', '00:50:00', '11'),
('CL/INC945', '2022-01-29 00:00:00', 'MIR', '00:00:00', '7'),
('CL/INC945', '2022-01-29 00:00:00', 'AFDI', '00:50:00', '2'),
('CL/INC945', '2022-01-29 00:00:00', 'MHE', '00:35:00', '9'),
('CL/INC945', '2022-01-29 00:00:00', 'AFDI', '02:20:00', '11'),
('CL/DEG3331', '2022-02-07 00:00:00', 'MHE', '00:00:00', '13'),
('CL/DEG3331', '2022-02-07 00:00:00', 'MIR', '02:20:00', '2'),
('CL/DEG3331', '2022-02-07 00:00:00', 'MTC', '00:50:00', '11'),
('CL/DEG3331', '2022-02-07 00:00:00', 'MVO', '01:35:00', '10'),
('CL/DEG3331', '2022-02-08 00:00:00', 'MCTV', '00:00:00', '7'),
('CL/DEG3331', '2022-02-08 00:00:00', 'MCHIB', '01:20:00', '14'),
('CL/DEG3331', '2022-02-08 00:00:00', 'MCHIB', '01:35:00', '15'),
('CL/DEG3331', '2022-02-08 00:00:00', 'BAJE', '01:35:00', '13'),
('CL/DEG3331', '2022-02-09 00:00:00', 'MVIA', '00:00:00', '8'),
('CL/DEG3331', '2022-02-09 00:00:00', 'BAJE', '00:50:00', '11'),
('CL/DEG3331', '2022-02-09 00:00:00', 'AFDI', '01:35:00', '9'),
('CL/DEG3331', '2022-02-09 00:00:00', 'MIR', '00:35:00', '1'),
('CL/DEG3331', '2022-02-10 00:00:00', 'MCALG', '00:00:00', '10'),
('CL/DEG3331', '2022-02-10 00:00:00', 'MVO', '00:40:00', '12'),
('CL/DEG3331', '2022-02-10 00:00:00', 'MTC', '00:50:00', '11'),
('CL/DEG3331', '2022-02-10 00:00:00', 'MCHIB', '01:35:00', '3'),
('CL/DEG3331', '2022-02-11 00:00:00', 'BAJE', '00:00:00', '15'),
('CL/DEG3331', '2022-02-11 00:00:00', 'BIOA', '01:35:00', '12'),
('CL/DEG3331', '2022-02-11 00:00:00', 'MHE', '01:10:00', '6'),
('CL/DEG3331', '2022-02-11 00:00:00', 'MTC', '02:20:00', '5'),
('CL/DEG3331', '2022-02-12 00:00:00', 'MCTV', '00:00:00', '9'),
('CL/DEG3331', '2022-02-12 00:00:00', 'MVRA', '01:20:00', '11'),
('CL/DEG3331', '2022-02-12 00:00:00', 'MVO', '00:35:00', '1'),
('CL/DEG3331', '2022-02-12 00:00:00', 'MVIA', '00:50:00', '13'),
('CL/GIR1169', '2022-02-14 00:00:00', 'MCHIB', '00:00:00', '16'),
('CL/GIR1169', '2022-02-14 00:00:00', 'BAJE', '01:35:00', '17'),
('CL/GIR1169', '2022-02-14 00:00:00', 'AYUR', '01:35:00', '11'),
('CL/GIR1169', '2022-02-14 00:00:00', 'MCHIB', '01:50:00', '9'),
('CL/GIR1169', '2022-02-15 00:00:00', 'MVIA', '00:00:00', '1'),
('CL/GIR1169', '2022-02-15 00:00:00', 'MCHIB', '00:50:00', '9'),
('CL/GIR1169', '2022-02-15 00:00:00', 'MHE', '01:35:00', '5'),
('CL/GIR1169', '2022-02-15 00:00:00', 'M4M', '02:20:00', '1'),
('CL/GIR1169', '2022-02-16 00:00:00', 'MCHIB', '00:00:00', '16'),
('CL/GIR1169', '2022-02-16 00:00:00', 'M4M', '01:35:00', '8'),
('CL/GIR1169', '2022-02-16 00:00:00', 'MVRA', '01:20:00', '4'),
('CL/GIR1169', '2022-02-16 00:00:00', 'MVIA', '00:35:00', '4'),
('CL/GIR1169', '2022-02-17 00:00:00', 'MCHIB', '00:00:00', '17'),
('CL/GIR1169', '2022-02-17 00:00:00', 'MCALG', '01:35:00', '3'),
('CL/GIR1169', '2022-02-17 00:00:00', 'MCTV', '00:40:00', '17'),
('CL/GIR1169', '2022-02-17 00:00:00', 'BAJE', '01:20:00', '2'),
('CL/GIR1169', '2022-02-18 00:00:00', 'MCALG', '00:00:00', '7'),
('CL/GIR1169', '2022-02-18 00:00:00', 'M4M', '00:40:00', '15'),
('CL/GIR1169', '2022-02-18 00:00:00', 'ONDO', '01:20:00', '13'),
('CL/GIR1169', '2022-02-18 00:00:00', 'BIOA', '00:50:00', '8'),
('CL/GIR1169', '2022-02-19 00:00:00', 'MVO', '00:00:00', '10'),
('CL/GIR1169', '2022-02-19 00:00:00', 'MVO', '00:50:00', '3'),
('CL/GIR1169', '2022-02-19 00:00:00', 'MCTV', '00:50:00', '13'),
('CL/GIR1169', '2022-02-19 00:00:00', 'MCTV', '01:20:00', '14'),
('CL/BOS1105', '2022-02-21 00:00:00', 'AYUR', '00:00:00', '2'),
('CL/BOS1105', '2022-02-21 00:00:00', 'MTC', '01:50:00', '15'),
('CL/BOS1105', '2022-02-21 00:00:00', 'MHE', '01:35:00', '10'),
('CL/BOS1105', '2022-02-21 00:00:00', 'MVIA', '02:20:00', '17'),
('CL/BOS1105', '2022-02-22 00:00:00', 'MHE', '00:00:00', '14'),
('CL/BOS1105', '2022-02-22 00:00:00', 'M4M', '02:20:00', '1'),
('CL/BOS1105', '2022-02-22 00:00:00', 'MVO', '01:20:00', '12'),
('CL/BOS1105', '2022-02-22 00:00:00', 'AFDI', '00:50:00', '5'),
('CL/BOS1105', '2022-02-23 00:00:00', 'BIOA', '00:00:00', '14'),
('CL/BOS1105', '2022-02-23 00:00:00', 'BIOA', '01:10:00', '17'),
('CL/BOS1105', '2022-02-23 00:00:00', 'MCALG', '01:10:00', '1'),
('CL/BOS1105', '2022-02-23 00:00:00', 'AFDI', '00:40:00', '4'),
('CL/BOS1105', '2022-02-24 00:00:00', 'MVRA', '00:00:00', '16'),
('CL/BOS1105', '2022-02-24 00:00:00', 'MIR', '00:35:00', '3'),
('CL/BOS1105', '2022-02-24 00:00:00', 'ONDO', '00:50:00', '9'),
('CL/BOS1105', '2022-02-24 00:00:00', 'MVIA', '00:50:00', '8'),
('CL/BOS1105', '2022-02-25 00:00:00', 'MVO', '00:00:00', '4'),
('CL/BOS1105', '2022-02-25 00:00:00', 'BAJE', '00:50:00', '15'),
('CL/BOS1105', '2022-02-25 00:00:00', 'AFDI', '01:35:00', '16'),
('CL/BOS1105', '2022-02-25 00:00:00', 'BIOA', '00:35:00', '6'),
('CL/BOS1105', '2022-02-26 00:00:00', 'BIOA', '00:00:00', '14'),
('CL/BOS1105', '2022-02-26 00:00:00', 'MVIA', '01:10:00', '3'),
('CL/BOS1105', '2022-02-26 00:00:00', 'MCALG', '00:50:00', '3'),
('CL/BOS1105', '2022-02-26 00:00:00', 'BIOA', '00:40:00', '16'),
('CL/FRU801', '2022-02-28 00:00:00', 'MHE', '00:00:00', '10'),
('CL/FRU801', '2022-02-28 00:00:00', 'MTC', '02:20:00', '14'),
('CL/FRU801', '2022-02-28 00:00:00', 'ONDO', '01:35:00', '16'),
('CL/FRU801', '2022-02-28 00:00:00', 'AYUR', '00:50:00', '14'),
('CL/FRU801', '2022-03-01 00:00:00', 'BAJE', '00:00:00', '17'),
('CL/FRU801', '2022-03-01 00:00:00', 'MIR', '01:35:00', '11'),
('CL/FRU801', '2022-03-01 00:00:00', 'MVIA', '00:50:00', '3'),
('CL/FRU801', '2022-03-01 00:00:00', 'AFDI', '00:50:00', '6'),
('CL/FRU801', '2022-03-02 00:00:00', 'MCALG', '00:00:00', '9'),
('CL/FRU801', '2022-03-02 00:00:00', 'ONDO', '00:40:00', '4'),
('CL/FRU801', '2022-03-02 00:00:00', 'AYUR', '00:50:00', '4'),
('CL/FRU801', '2022-03-02 00:00:00', 'MCTV', '01:50:00', '3'),
('CL/FRU801', '2022-03-03 00:00:00', 'AYUR', '00:00:00', '14'),
('CL/FRU801', '2022-03-03 00:00:00', 'MVIA', '01:50:00', '17'),
('CL/FRU801', '2022-03-03 00:00:00', 'MHE', '00:50:00', '16'),
('CL/FRU801', '2022-03-03 00:00:00', 'AFDI', '02:20:00', '11'),
('CL/FRU801', '2022-03-04 00:00:00', 'MHE', '00:00:00', '4'),
('CL/FRU801', '2022-03-04 00:00:00', 'MCTV', '02:20:00', '1'),
('CL/FRU801', '2022-03-04 00:00:00', 'MTC', '01:20:00', '2'),
('CL/FRU801', '2022-03-04 00:00:00', 'MVRA', '01:35:00', '6'),
('CL/FRU801', '2022-03-05 00:00:00', 'MCTV', '00:00:00', '8'),
('CL/FRU801', '2022-03-05 00:00:00', 'MCTV', '01:20:00', '6'),
('CL/FRU801', '2022-03-05 00:00:00', 'AYUR', '01:20:00', '17'),
('CL/FRU801', '2022-03-05 00:00:00', 'MIR', '01:50:00', '15'),
('CL/BUE3447', '2022-03-14 00:00:00', 'M4M', '00:00:00', '3'),
('CL/BUE3447', '2022-03-14 00:00:00', 'AFDI', '01:20:00', '16'),
('CL/BUE3447', '2022-03-14 00:00:00', 'MCALG', '00:35:00', '3'),
('CL/BUE3447', '2022-03-14 00:00:00', 'ONDO', '00:40:00', '3'),
('CL/BUE3447', '2022-03-15 00:00:00', 'MVO', '00:00:00', '13'),
('CL/BUE3447', '2022-03-15 00:00:00', 'ONDO', '00:50:00', '4'),
('CL/BUE3447', '2022-03-15 00:00:00', 'MCALG', '00:50:00', '13'),
('CL/BUE3447', '2022-03-15 00:00:00', 'AYUR', '00:40:00', '7'),
('CL/BUE3447', '2022-03-16 00:00:00', 'MCALG', '00:00:00', '1'),
('CL/BUE3447', '2022-03-16 00:00:00', 'MVIA', '00:40:00', '13'),
('CL/BUE3447', '2022-03-16 00:00:00', 'MCTV', '00:50:00', '10'),
('CL/BUE3447', '2022-03-16 00:00:00', 'MHE', '01:20:00', '16'),
('CL/BUE3447', '2022-03-17 00:00:00', 'MCTV', '00:00:00', '3'),
('CL/BUE3447', '2022-03-17 00:00:00', 'MCHIB', '01:20:00', '17'),
('CL/BUE3447', '2022-03-17 00:00:00', 'MVO', '01:35:00', '17'),
('CL/BUE3447', '2022-03-17 00:00:00', 'MHE', '00:50:00', '12'),
('CL/BUE3447', '2022-03-18 00:00:00', 'AYUR', '00:00:00', '17'),
('CL/BUE3447', '2022-03-18 00:00:00', 'AYUR', '01:50:00', '15'),
('CL/BUE3447', '2022-03-18 00:00:00', 'MCHIB', '01:50:00', '1'),
('CL/BUE3447', '2022-03-18 00:00:00', 'AFDI', '01:35:00', '4'),
('CL/BUE3447', '2022-03-19 00:00:00', 'MIR', '00:00:00', '4'),
('CL/BUE3447', '2022-03-19 00:00:00', 'MTC', '00:50:00', '10'),
('CL/BUE3447', '2022-03-19 00:00:00', 'MVO', '01:35:00', '10'),
('CL/BUE3447', '2022-03-19 00:00:00', 'MVRA', '00:50:00', '4'),
('CL/CAT3119', '2022-04-04 00:00:00', 'BAJE', '00:00:00', '11'),
('CL/CAT3119', '2022-04-04 00:00:00', 'ONDO', '01:35:00', '7'),
('CL/CAT3119', '2022-04-04 00:00:00', 'MVIA', '00:50:00', '3'),
('CL/CAT3119', '2022-04-04 00:00:00', 'MVO', '00:50:00', '16'),
('CL/CAT3119', '2022-04-05 00:00:00', 'ONDO', '00:00:00', '5'),
('CL/CAT3119', '2022-04-05 00:00:00', 'AFDI', '00:50:00', '4'),
('CL/CAT3119', '2022-04-05 00:00:00', 'AFDI', '00:35:00', '15'),
('CL/CAT3119', '2022-04-05 00:00:00', 'M4M', '00:35:00', '12'),
('CL/CAT3119', '2022-04-06 00:00:00', 'BIOA', '00:00:00', '4'),
('CL/CAT3119', '2022-04-06 00:00:00', 'AFDI', '01:10:00', '17'),
('CL/CAT3119', '2022-04-06 00:00:00', 'AFDI', '00:35:00', '12'),
('CL/CAT3119', '2022-04-06 00:00:00', 'AFDI', '00:35:00', '14'),
('CL/CAT3119', '2022-04-07 00:00:00', 'MVRA', '00:00:00', '1'),
('CL/CAT3119', '2022-04-07 00:00:00', 'AFDI', '00:35:00', '9'),
('CL/CAT3119', '2022-04-07 00:00:00', 'MVRA', '00:35:00', '9'),
('CL/CAT3119', '2022-04-07 00:00:00', 'BIOA', '00:35:00', '11'),
('CL/CAT3119', '2022-04-08 00:00:00', 'AYUR', '00:00:00', '2'),
('CL/CAT3119', '2022-04-08 00:00:00', 'MHE', '01:50:00', '7'),
('CL/CAT3119', '2022-04-08 00:00:00', 'BIOA', '02:20:00', '2'),
('CL/CAT3119', '2022-04-08 00:00:00', 'MVO', '01:10:00', '17'),
('CL/CAT3119', '2022-04-09 00:00:00', 'MVRA', '00:00:00', '15'),
('CL/CAT3119', '2022-04-09 00:00:00', 'BAJE', '00:35:00', '2'),
('CL/CAT3119', '2022-04-09 00:00:00', 'MVRA', '01:35:00', '16'),
('CL/CAT3119', '2022-04-09 00:00:00', 'MCTV', '00:35:00', '13'),
('CL/COR1716', '2022-04-11 00:00:00', 'MCHIB', '00:00:00', '9'),
('CL/COR1716', '2022-04-11 00:00:00', 'MCALG', '01:35:00', '13'),
('CL/COR1716', '2022-04-11 00:00:00', 'BIOA', '00:40:00', '1'),
('CL/COR1716', '2022-04-11 00:00:00', 'AYUR', '01:10:00', '17'),
('CL/COR1716', '2022-04-12 00:00:00', 'BIOA', '00:00:00', '14'),
('CL/COR1716', '2022-04-12 00:00:00', 'BIOA', '01:10:00', '17'),
('CL/COR1716', '2022-04-12 00:00:00', 'MVRA', '01:10:00', '12'),
('CL/COR1716', '2022-04-12 00:00:00', 'AYUR', '00:35:00', '7'),
('CL/COR1716', '2022-04-13 00:00:00', 'MCHIB', '00:00:00', '6'),
('CL/COR1716', '2022-04-13 00:00:00', 'MCTV', '01:35:00', '10'),
('CL/COR1716', '2022-04-13 00:00:00', 'MVO', '01:20:00', '1'),
('CL/COR1716', '2022-04-13 00:00:00', 'MTC', '00:50:00', '4'),
('CL/COR1716', '2022-04-14 00:00:00', 'ONDO', '00:00:00', '10'),
('CL/COR1716', '2022-04-14 00:00:00', 'AFDI', '00:50:00', '10'),
('CL/COR1716', '2022-04-14 00:00:00', 'MTC', '00:35:00', '17'),
('CL/COR1716', '2022-04-14 00:00:00', 'MHE', '01:35:00', '5'),
('CL/COR1716', '2022-04-15 00:00:00', 'AFDI', '00:00:00', '1'),
('CL/COR1716', '2022-04-15 00:00:00', 'MCALG', '00:35:00', '5'),
('CL/COR1716', '2022-04-15 00:00:00', 'MCTV', '00:40:00', '8'),
('CL/COR1716', '2022-04-15 00:00:00', 'AYUR', '01:20:00', '9'),
('CL/COR1716', '2022-04-16 00:00:00', 'MVRA', '00:00:00', '13'),
('CL/COR1716', '2022-04-16 00:00:00', 'MCALG', '00:35:00', '8'),
('CL/COR1716', '2022-04-16 00:00:00', 'MHE', '00:40:00', '10'),
('CL/COR1716', '2022-04-16 00:00:00', 'MVO', '02:20:00', '12'),
('CL/DUR4633', '2022-05-09 00:00:00', 'MCHIB', '00:00:00', '1'),
('CL/DUR4633', '2022-05-09 00:00:00', 'BAJE', '01:35:00', '17'),
('CL/DUR4633', '2022-05-09 00:00:00', 'MVIA', '01:35:00', '8'),
('CL/DUR4633', '2022-05-09 00:00:00', 'ONDO', '00:50:00', '11'),
('CL/DUR4633', '2022-05-10 00:00:00', 'MTC', '00:00:00', '13'),
('CL/DUR4633', '2022-05-10 00:00:00', 'MVIA', '01:35:00', '17'),
('CL/DUR4633', '2022-05-10 00:00:00', 'MCALG', '00:50:00', '3'),
('CL/DUR4633', '2022-05-10 00:00:00', 'MIR', '00:40:00', '1'),
('CL/DUR4633', '2022-05-11 00:00:00', 'MCTV', '00:00:00', '8'),
('CL/DUR4633', '2022-05-11 00:00:00', 'MVIA', '01:20:00', '14'),
('CL/DUR4633', '2022-05-11 00:00:00', 'ONDO', '00:50:00', '9'),
('CL/DUR4633', '2022-05-11 00:00:00', 'AYUR', '00:50:00', '4'),
('CL/DUR4633', '2022-05-12 00:00:00', 'BIOA', '00:00:00', '8'),
('CL/DUR4633', '2022-05-12 00:00:00', 'MCALG', '01:10:00', '5'),
('CL/DUR4633', '2022-05-12 00:00:00', 'MCALG', '00:40:00', '14'),
('CL/DUR4633', '2022-05-12 00:00:00', 'MCALG', '00:40:00', '6'),
('CL/DUR4633', '2022-05-13 00:00:00', 'AYUR', '00:00:00', '1'),
('CL/DUR4633', '2022-05-13 00:00:00', 'AFDI', '01:50:00', '11'),
('CL/DUR4633', '2022-05-13 00:00:00', 'M4M', '00:35:00', '8'),
('CL/DUR4633', '2022-05-13 00:00:00', 'MCALG', '01:20:00', '17'),
('CL/DUR4633', '2022-05-14 00:00:00', 'BAJE', '00:00:00', '9'),
('CL/DUR4633', '2022-05-14 00:00:00', 'MVO', '01:35:00', '9'),
('CL/DUR4633', '2022-05-14 00:00:00', 'MHE', '00:50:00', '9'),
('CL/DUR4633', '2022-05-14 00:00:00', 'AFDI', '02:20:00', '12'),
('CL/LEG2937', '2022-05-30 00:00:00', 'AFDI', '00:00:00', '12'),
('CL/LEG2937', '2022-05-30 00:00:00', 'MCTV', '00:35:00', '15'),
('CL/LEG2937', '2022-05-30 00:00:00', 'MVRA', '01:20:00', '17'),
('CL/LEG2937', '2022-05-30 00:00:00', 'AFDI', '00:35:00', '2'),
('CL/LEG2937', '2022-05-31 00:00:00', 'MVRA', '00:00:00', '16'),
('CL/LEG2937', '2022-05-31 00:00:00', 'MHE', '00:35:00', '10'),
('CL/LEG2937', '2022-05-31 00:00:00', 'AYUR', '02:20:00', '5'),
('CL/LEG2937', '2022-05-31 00:00:00', 'MHE', '01:50:00', '11'),
('CL/LEG2937', '2022-06-01 00:00:00', 'AFDI', '00:00:00', '12'),
('CL/LEG2937', '2022-06-01 00:00:00', 'MVO', '00:35:00', '10'),
('CL/LEG2937', '2022-06-01 00:00:00', 'MHE', '00:50:00', '13'),
('CL/LEG2937', '2022-06-01 00:00:00', 'MTC', '02:20:00', '2'),
('CL/LEG2937', '2022-06-02 00:00:00', 'MIR', '00:00:00', '6'),
('CL/LEG2937', '2022-06-02 00:00:00', 'AFDI', '00:50:00', '7'),
('CL/LEG2937', '2022-06-02 00:00:00', 'BAJE', '00:35:00', '1'),
('CL/LEG2937', '2022-06-02 00:00:00', 'BAJE', '01:35:00', '16'),
('CL/LEG2937', '2022-06-03 00:00:00', 'MVRA', '00:00:00', '13'),
('CL/LEG2937', '2022-06-03 00:00:00', 'MTC', '00:35:00', '16'),
('CL/LEG2937', '2022-06-03 00:00:00', 'AFDI', '01:35:00', '5'),
('CL/LEG2937', '2022-06-03 00:00:00', 'ONDO', '00:35:00', '15'),
('CL/LEG2937', '2022-06-04 00:00:00', 'MVIA', '00:00:00', '16'),
('CL/LEG2937', '2022-06-04 00:00:00', 'M4M', '00:50:00', '5'),
('CL/LEG2937', '2022-06-04 00:00:00', 'AYUR', '01:20:00', '14'),
('CL/LEG2937', '2022-06-04 00:00:00', 'MCHIB', '01:50:00', '3'),
('CL/VIL1860', '2022-06-13 00:00:00', 'MVIA', '00:00:00', '9'),
('CL/VIL1860', '2022-06-13 00:00:00', 'ONDO', '00:50:00', '3'),
('CL/VIL1860', '2022-06-13 00:00:00', 'M4M', '00:50:00', '16'),
('CL/VIL1860', '2022-06-13 00:00:00', 'MVRA', '01:20:00', '6'),
('CL/VIL1860', '2022-06-14 00:00:00', 'MVO', '00:00:00', '5'),
('CL/VIL1860', '2022-06-14 00:00:00', 'M4M', '00:50:00', '8'),
('CL/VIL1860', '2022-06-14 00:00:00', 'MCALG', '01:20:00', '4'),
('CL/VIL1860', '2022-06-14 00:00:00', 'AYUR', '00:40:00', '16'),
('CL/VIL1860', '2022-06-15 00:00:00', 'BAJE', '00:00:00', '16'),
('CL/VIL1860', '2022-06-15 00:00:00', 'AYUR', '01:35:00', '12'),
('CL/VIL1860', '2022-06-15 00:00:00', 'MVO', '01:50:00', '6'),
('CL/VIL1860', '2022-06-15 00:00:00', 'MTC', '00:50:00', '13'),
('CL/VIL1860', '2022-06-16 00:00:00', 'AYUR', '00:00:00', '1'),
('CL/VIL1860', '2022-06-16 00:00:00', 'MVRA', '01:50:00', '1'),
('CL/VIL1860', '2022-06-16 00:00:00', 'MVO', '00:35:00', '7'),
('CL/VIL1860', '2022-06-16 00:00:00', 'AYUR', '00:50:00', '12'),
('CL/VIL1860', '2022-06-17 00:00:00', 'M4M', '00:00:00', '6'),
('CL/VIL1860', '2022-06-17 00:00:00', 'MVRA', '01:20:00', '4'),
('CL/VIL1860', '2022-06-17 00:00:00', 'MHE', '00:35:00', '3'),
('CL/VIL1860', '2022-06-17 00:00:00', 'MVRA', '02:20:00', '3'),
('CL/VIL1860', '2022-06-18 00:00:00', 'ONDO', '00:00:00', '12'),
('CL/VIL1860', '2022-06-18 00:00:00', 'M4M', '00:50:00', '2'),
('CL/VIL1860', '2022-06-18 00:00:00', 'BAJE', '01:20:00', '1'),
('CL/VIL1860', '2022-06-18 00:00:00', 'MCTV', '01:35:00', '16'),
('CL/IMI1355', '2022-06-13 00:00:00', 'MHE', '00:00:00', '1'),
('CL/IMI1355', '2022-06-13 00:00:00', 'MCHIB', '02:20:00', '12'),
('CL/IMI1355', '2022-06-13 00:00:00', 'MVO', '01:35:00', '14'),
('CL/IMI1355', '2022-06-13 00:00:00', 'MVIA', '00:50:00', '9'),
('CL/IMI1355', '2022-06-14 00:00:00', 'MCTV', '00:00:00', '5'),
('CL/IMI1355', '2022-06-14 00:00:00', 'MTC', '01:20:00', '14'),
('CL/IMI1355', '2022-06-14 00:00:00', 'BIOA', '01:35:00', '13'),
('CL/IMI1355', '2022-06-14 00:00:00', 'AYUR', '01:10:00', '10'),
('CL/IMI1355', '2022-06-15 00:00:00', 'MTC', '00:00:00', '8'),
('CL/IMI1355', '2022-06-15 00:00:00', 'MHE', '01:35:00', '16'),
('CL/IMI1355', '2022-06-15 00:00:00', 'MIR', '02:20:00', '1'),
('CL/IMI1355', '2022-06-15 00:00:00', 'M4M', '00:50:00', '15'),
('CL/IMI1355', '2022-06-16 00:00:00', 'M4M', '00:00:00', '6'),
('CL/IMI1355', '2022-06-16 00:00:00', 'MVIA', '01:20:00', '17'),
('CL/IMI1355', '2022-06-16 00:00:00', 'MCALG', '00:50:00', '11'),
('CL/IMI1355', '2022-06-16 00:00:00', 'MCHIB', '00:40:00', '1'),
('CL/IMI1355', '2022-06-17 00:00:00', 'MCHIB', '00:00:00', '6'),
('CL/IMI1355', '2022-06-17 00:00:00', 'MCHIB', '01:35:00', '15'),
('CL/IMI1355', '2022-06-17 00:00:00', 'AYUR', '01:35:00', '1'),
('CL/IMI1355', '2022-06-17 00:00:00', 'M4M', '01:50:00', '10'),
('CL/IMI1355', '2022-06-18 00:00:00', 'M4M', '00:00:00', '7'),
('CL/IMI1355', '2022-06-18 00:00:00', 'MVO', '01:20:00', '13'),
('CL/IMI1355', '2022-06-18 00:00:00', 'M4M', '00:50:00', '15'),
('CL/IMI1355', '2022-06-18 00:00:00', 'MVRA', '01:20:00', '2'),
('CL/PAL3878', '2022-06-27 00:00:00', 'MCTV', '00:00:00', '6'),
('CL/PAL3878', '2022-06-27 00:00:00', 'MCTV', '01:20:00', '4'),
('CL/PAL3878', '2022-06-27 00:00:00', 'AYUR', '01:20:00', '1'),
('CL/PAL3878', '2022-06-27 00:00:00', 'MTC', '01:50:00', '14'),
('CL/PAL3878', '2022-06-28 00:00:00', 'MCTV', '00:00:00', '16'),
('CL/PAL3878', '2022-06-28 00:00:00', 'MVIA', '01:20:00', '14'),
('CL/PAL3878', '2022-06-28 00:00:00', 'MTC', '00:50:00', '14'),
('CL/PAL3878', '2022-06-28 00:00:00', 'ONDO', '01:35:00', '14'),
('CL/PAL3878', '2022-06-29 00:00:00', 'MCTV', '00:00:00', '2'),
('CL/PAL3878', '2022-06-29 00:00:00', 'AYUR', '01:20:00', '16'),
('CL/PAL3878', '2022-06-29 00:00:00', 'MVRA', '01:50:00', '10'),
('CL/PAL3878', '2022-06-29 00:00:00', 'MVRA', '00:35:00', '11'),
('CL/PAL3878', '2022-06-30 00:00:00', 'AFDI', '00:00:00', '17'),
('CL/PAL3878', '2022-06-30 00:00:00', 'BAJE', '00:35:00', '17'),
('CL/PAL3878', '2022-06-30 00:00:00', 'MCHIB', '01:35:00', '2'),
('CL/PAL3878', '2022-06-30 00:00:00', 'MVRA', '01:35:00', '2'),
('CL/PAL3878', '2022-07-01 00:00:00', 'MCALG', '00:00:00', '5'),
('CL/PAL3878', '2022-07-01 00:00:00', 'AFDI', '00:40:00', '7'),
('CL/PAL3878', '2022-07-01 00:00:00', 'MVRA', '00:35:00', '9'),
('CL/PAL3878', '2022-07-01 00:00:00', 'MCHIB', '00:35:00', '6'),
('CL/PAL3878', '2022-07-02 00:00:00', 'AFDI', '00:00:00', '11'),
('CL/PAL3878', '2022-07-02 00:00:00', 'MHE', '00:35:00', '7'),
('CL/PAL3878', '2022-07-02 00:00:00', 'AFDI', '02:20:00', '14'),
('CL/PAL3878', '2022-07-02 00:00:00', 'AYUR', '00:35:00', '2'),
('CL/JAN3387', '2022-08-01 00:00:00', 'BIOA', '00:00:00', '11'),
('CL/JAN3387', '2022-08-01 00:00:00', 'AFDI', '01:10:00', '1'),
('CL/JAN3387', '2022-08-01 00:00:00', 'AFDI', '00:35:00', '4'),
('CL/JAN3387', '2022-08-01 00:00:00', 'AFDI', '00:35:00', '16'),
('CL/JAN3387', '2022-08-02 00:00:00', 'MIR', '00:00:00', '1'),
('CL/JAN3387', '2022-08-02 00:00:00', 'ONDO', '00:50:00', '10'),
('CL/JAN3387', '2022-08-02 00:00:00', 'AFDI', '00:50:00', '8'),
('CL/JAN3387', '2022-08-02 00:00:00', 'AYUR', '00:35:00', '5'),
('CL/JAN3387', '2022-08-03 00:00:00', 'MHE', '00:00:00', '14'),
('CL/JAN3387', '2022-08-03 00:00:00', 'MVO', '02:20:00', '6'),
('CL/JAN3387', '2022-08-03 00:00:00', 'MCALG', '00:50:00', '14'),
('CL/JAN3387', '2022-08-03 00:00:00', 'MCALG', '00:40:00', '3'),
('CL/JAN3387', '2022-08-04 00:00:00', 'BIOA', '00:00:00', '8'),
('CL/JAN3387', '2022-08-04 00:00:00', 'AFDI', '01:10:00', '6'),
('CL/JAN3387', '2022-08-04 00:00:00', 'MTC', '00:35:00', '16'),
('CL/JAN3387', '2022-08-04 00:00:00', 'MHE', '01:35:00', '7'),
('CL/JAN3387', '2022-08-05 00:00:00', 'MVRA', '00:00:00', '9'),
('CL/JAN3387', '2022-08-05 00:00:00', 'MIR', '00:35:00', '13'),
('CL/JAN3387', '2022-08-05 00:00:00', 'MVIA', '00:50:00', '15'),
('CL/JAN3387', '2022-08-05 00:00:00', 'MTC', '00:50:00', '7'),
('CL/JAN3387', '2022-08-06 00:00:00', 'MIR', '00:00:00', '15'),
('CL/JAN3387', '2022-08-06 00:00:00', 'MTC', '00:50:00', '6'),
('CL/JAN3387', '2022-08-06 00:00:00', 'MVO', '01:35:00', '5'),
('CL/JAN3387', '2022-08-06 00:00:00', 'MCHIB', '00:50:00', '10'),
('CL/SIL1153', '2022-08-08 00:00:00', 'M4M', '00:00:00', '7'),
('CL/SIL1153', '2022-08-08 00:00:00', 'MTC', '01:20:00', '8'),
('CL/SIL1153', '2022-08-08 00:00:00', 'MVRA', '01:35:00', '6'),
('CL/SIL1153', '2022-08-08 00:00:00', 'AYUR', '00:35:00', '14'),
('CL/SIL1153', '2022-08-09 00:00:00', 'MIR', '00:00:00', '7'),
('CL/SIL1153', '2022-08-09 00:00:00', 'MVO', '00:50:00', '13'),
('CL/SIL1153', '2022-08-09 00:00:00', 'MVIA', '00:50:00', '2'),
('CL/SIL1153', '2022-08-09 00:00:00', 'MCHIB', '00:50:00', '8'),
('CL/SIL1153', '2022-08-10 00:00:00', 'BAJE', '00:00:00', '15'),
('CL/SIL1153', '2022-08-10 00:00:00', 'MHE', '01:35:00', '5'),
('CL/SIL1153', '2022-08-10 00:00:00', 'AYUR', '02:20:00', '15'),
('CL/SIL1153', '2022-08-10 00:00:00', 'BIOA', '01:50:00', '8'),
('CL/SIL1153', '2022-08-11 00:00:00', 'AYUR', '00:00:00', '4'),
('CL/SIL1153', '2022-08-11 00:00:00', 'MCHIB', '01:50:00', '2'),
('CL/SIL1153', '2022-08-11 00:00:00', 'MHE', '01:35:00', '10'),
('CL/SIL1153', '2022-08-11 00:00:00', 'AYUR', '02:20:00', '3'),
('CL/SIL1153', '2022-08-12 00:00:00', 'MTC', '00:00:00', '3'),
('CL/SIL1153', '2022-08-12 00:00:00', 'MVRA', '01:35:00', '5'),
('CL/SIL1153', '2022-08-12 00:00:00', 'AYUR', '00:35:00', '10'),
('CL/SIL1153', '2022-08-12 00:00:00', 'MCHIB', '01:50:00', '11'),
('CL/SIL1153', '2022-08-13 00:00:00', 'MCHIB', '00:00:00', '13'),
('CL/SIL1153', '2022-08-13 00:00:00', 'BAJE', '01:35:00', '11'),
('CL/SIL1153', '2022-08-13 00:00:00', 'MTC', '01:35:00', '5'),
('CL/SIL1153', '2022-08-13 00:00:00', 'MCTV', '01:35:00', '15'),
('CL/DEM1439', '2022-08-15 00:00:00', 'BAJE', '00:00:00', '7'),
('CL/DEM1439', '2022-08-15 00:00:00', 'BAJE', '01:35:00', '1'),
('CL/DEM1439', '2022-08-15 00:00:00', 'MVRA', '01:35:00', '9'),
('CL/DEM1439', '2022-08-15 00:00:00', 'BIOA', '00:35:00', '10'),
('CL/DEM1439', '2022-08-16 00:00:00', 'MHE', '00:00:00', '16'),
('CL/DEM1439', '2022-08-16 00:00:00', 'AFDI', '02:20:00', '1'),
('CL/DEM1439', '2022-08-16 00:00:00', 'MIR', '00:35:00', '17'),
('CL/DEM1439', '2022-08-16 00:00:00', 'MIR', '00:50:00', '9'),
('CL/DEM1439', '2022-08-17 00:00:00', 'AFDI', '00:00:00', '8'),
('CL/DEM1439', '2022-08-17 00:00:00', 'ONDO', '00:35:00', '13'),
('CL/DEM1439', '2022-08-17 00:00:00', 'MVRA', '00:50:00', '4'),
('CL/DEM1439', '2022-08-17 00:00:00', 'AYUR', '00:35:00', '1'),
('CL/DEM1439', '2022-08-18 00:00:00', 'MCHIB', '00:00:00', '4'),
('CL/DEM1439', '2022-08-18 00:00:00', 'BAJE', '01:35:00', '4'),
('CL/DEM1439', '2022-08-18 00:00:00', 'MVIA', '01:35:00', '15'),
('CL/DEM1439', '2022-08-18 00:00:00', 'MHE', '00:50:00', '1'),
('CL/DEM1439', '2022-08-19 00:00:00', 'MVRA', '00:00:00', '13'),
('CL/DEM1439', '2022-08-19 00:00:00', 'MVIA', '00:35:00', '10'),
('CL/DEM1439', '2022-08-19 00:00:00', 'MCTV', '00:50:00', '9'),
('CL/DEM1439', '2022-08-19 00:00:00', 'ONDO', '01:20:00', '4'),
('CL/DEM1439', '2022-08-20 00:00:00', 'MVO', '00:00:00', '10'),
('CL/DEM1439', '2022-08-20 00:00:00', 'MVRA', '00:50:00', '10'),
('CL/DEM1439', '2022-08-20 00:00:00', 'MCALG', '00:35:00', '3'),
('CL/DEM1439', '2022-08-20 00:00:00', 'MVIA', '00:40:00', '15'),
('CL/WIL2386', '2022-09-19 00:00:00', 'MTC', '00:00:00', '14'),
('CL/WIL2386', '2022-09-19 00:00:00', 'BIOA', '01:35:00', '8'),
('CL/WIL2386', '2022-09-19 00:00:00', 'MVIA', '01:10:00', '7'),
('CL/WIL2386', '2022-09-19 00:00:00', 'AFDI', '00:50:00', '15'),
('CL/WIL2386', '2022-09-20 00:00:00', 'MTC', '00:00:00', '7'),
('CL/WIL2386', '2022-09-20 00:00:00', 'MVIA', '01:35:00', '4'),
('CL/WIL2386', '2022-09-20 00:00:00', 'AFDI', '00:50:00', '15'),
('CL/WIL2386', '2022-09-20 00:00:00', 'ONDO', '00:35:00', '17'),
('CL/WIL2386', '2022-09-21 00:00:00', 'MCHIB', '00:00:00', '17'),
('CL/WIL2386', '2022-09-21 00:00:00', 'MVO', '01:35:00', '14'),
('CL/WIL2386', '2022-09-21 00:00:00', 'ONDO', '00:50:00', '4'),
('CL/WIL2386', '2022-09-21 00:00:00', 'BIOA', '00:50:00', '17'),
('CL/WIL2386', '2022-09-22 00:00:00', 'ONDO', '00:00:00', '4'),
('CL/WIL2386', '2022-09-22 00:00:00', 'M4M', '00:50:00', '17'),
('CL/WIL2386', '2022-09-22 00:00:00', 'MCTV', '01:20:00', '4'),
('CL/WIL2386', '2022-09-22 00:00:00', 'MCHIB', '01:20:00', '1'),
('CL/WIL2386', '2022-09-23 00:00:00', 'MIR', '00:00:00', '17'),
('CL/WIL2386', '2022-09-23 00:00:00', 'MIR', '00:50:00', '17'),
('CL/WIL2386', '2022-09-23 00:00:00', 'M4M', '00:50:00', '9'),
('CL/WIL2386', '2022-09-23 00:00:00', 'ONDO', '01:20:00', '9'),
('CL/WIL2386', '2022-09-24 00:00:00', 'M4M', '00:00:00', '12'),
('CL/WIL2386', '2022-09-24 00:00:00', 'MVO', '01:20:00', '1'),
('CL/WIL2386', '2022-09-24 00:00:00', 'MVRA', '00:50:00', '14'),
('CL/WIL2386', '2022-09-24 00:00:00', 'MTC', '00:35:00', '16'),
('CL/DUP4202', '2022-10-03 00:00:00', 'BAJE', '00:00:00', '8'),
('CL/DUP4202', '2022-10-03 00:00:00', 'AFDI', '01:35:00', '10'),
('CL/DUP4202', '2022-10-03 00:00:00', 'ONDO', '00:35:00', '9'),
('CL/DUP4202', '2022-10-03 00:00:00', 'MCALG', '00:50:00', '17'),
('CL/DUP4202', '2022-10-04 00:00:00', 'BAJE', '00:00:00', '17'),
('CL/DUP4202', '2022-10-04 00:00:00', 'ONDO', '01:35:00', '1'),
('CL/DUP4202', '2022-10-04 00:00:00', 'AFDI', '00:50:00', '3'),
('CL/DUP4202', '2022-10-04 00:00:00', 'ONDO', '00:35:00', '6'),
('CL/DUP4202', '2022-10-05 00:00:00', 'AFDI', '00:00:00', '14'),
('CL/DUP4202', '2022-10-05 00:00:00', 'M4M', '00:35:00', '9'),
('CL/DUP4202', '2022-10-05 00:00:00', 'AYUR', '01:20:00', '8'),
('CL/DUP4202', '2022-10-05 00:00:00', 'BIOA', '01:50:00', '17'),
('CL/DUP4202', '2022-10-06 00:00:00', 'MVO', '00:00:00', '4'),
('CL/DUP4202', '2022-10-06 00:00:00', 'ONDO', '00:50:00', '3'),
('CL/DUP4202', '2022-10-06 00:00:00', 'MCTV', '00:50:00', '2'),
('CL/DUP4202', '2022-10-06 00:00:00', 'MVIA', '01:20:00', '4'),
('CL/DUP4202', '2022-10-07 00:00:00', 'MCALG', '00:00:00', '17'),
('CL/DUP4202', '2022-10-07 00:00:00', 'BIOA', '00:40:00', '2'),
('CL/DUP4202', '2022-10-07 00:00:00', 'BIOA', '01:10:00', '14'),
('CL/DUP4202', '2022-10-07 00:00:00', 'ONDO', '01:10:00', '1'),
('CL/DUP4202', '2022-10-08 00:00:00', 'MCTV', '00:00:00', '2'),
('CL/DUP4202', '2022-10-08 00:00:00', 'BAJE', '01:20:00', '10'),
('CL/DUP4202', '2022-10-08 00:00:00', 'M4M', '01:35:00', '16'),
('CL/DUP4202', '2022-10-08 00:00:00', 'MVRA', '01:20:00', '15'),
('CL/ROU4018', '2022-10-10 00:00:00', 'MVRA', '00:00:00', '1'),
('CL/ROU4018', '2022-10-10 00:00:00', 'AFDI', '00:35:00', '7'),
('CL/ROU4018', '2022-10-10 00:00:00', 'MCALG', '00:35:00', '14'),
('CL/ROU4018', '2022-10-10 00:00:00', 'M4M', '00:40:00', '15'),
('CL/ROU4018', '2022-10-11 00:00:00', 'M4M', '00:00:00', '8'),
('CL/ROU4018', '2022-10-11 00:00:00', 'MVIA', '01:20:00', '9'),
('CL/ROU4018', '2022-10-11 00:00:00', 'BIOA', '00:50:00', '4'),
('CL/ROU4018', '2022-10-11 00:00:00', 'M4M', '01:10:00', '8'),
('CL/ROU4018', '2022-10-12 00:00:00', 'MIR', '00:00:00', '12'),
('CL/ROU4018', '2022-10-12 00:00:00', 'MHE', '00:50:00', '11');
INSERT INTO `PLANIFIER` (`numClient`, `dateSoin`, `codeSoin`, `heureSoin`, `numPersonnel`) VALUES
('CL/ROU4018', '2022-10-12 00:00:00', 'AYUR', '02:20:00', '15'),
('CL/ROU4018', '2022-10-12 00:00:00', 'MCTV', '01:50:00', '3'),
('CL/ROU4018', '2022-10-13 00:00:00', 'M4M', '00:00:00', '16'),
('CL/ROU4018', '2022-10-13 00:00:00', 'MHE', '01:20:00', '4'),
('CL/ROU4018', '2022-10-13 00:00:00', 'ONDO', '02:20:00', '7'),
('CL/ROU4018', '2022-10-13 00:00:00', 'MIR', '00:50:00', '2'),
('CL/ROU4018', '2022-10-14 00:00:00', 'BAJE', '00:00:00', '3'),
('CL/ROU4018', '2022-10-14 00:00:00', 'MCALG', '01:35:00', '17'),
('CL/ROU4018', '2022-10-14 00:00:00', 'MCHIB', '00:40:00', '17'),
('CL/ROU4018', '2022-10-14 00:00:00', 'AFDI', '01:35:00', '5'),
('CL/ROU4018', '2022-10-15 00:00:00', 'MTC', '00:00:00', '9'),
('CL/ROU4018', '2022-10-15 00:00:00', 'MVIA', '01:35:00', '17'),
('CL/ROU4018', '2022-10-15 00:00:00', 'MCHIB', '00:50:00', '15'),
('CL/ROU4018', '2022-10-15 00:00:00', 'AYUR', '01:35:00', '16'),
('CL/DAU1443', '2022-10-31 00:00:00', 'MTC', '00:00:00', '15'),
('CL/DAU1443', '2022-10-31 00:00:00', 'MVIA', '01:35:00', '1'),
('CL/DAU1443', '2022-10-31 00:00:00', 'MCTV', '00:50:00', '6'),
('CL/DAU1443', '2022-10-31 00:00:00', 'BAJE', '01:20:00', '4'),
('CL/DAU1443', '2022-11-01 00:00:00', 'MHE', '00:00:00', '7'),
('CL/DAU1443', '2022-11-01 00:00:00', 'ONDO', '02:20:00', '3'),
('CL/DAU1443', '2022-11-01 00:00:00', 'ONDO', '00:50:00', '6'),
('CL/DAU1443', '2022-11-01 00:00:00', 'M4M', '00:50:00', '16'),
('CL/DAU1443', '2022-11-02 00:00:00', 'MIR', '00:00:00', '9'),
('CL/DAU1443', '2022-11-02 00:00:00', 'M4M', '00:50:00', '16'),
('CL/DAU1443', '2022-11-02 00:00:00', 'MHE', '01:20:00', '12'),
('CL/DAU1443', '2022-11-02 00:00:00', 'MIR', '02:20:00', '3'),
('CL/DAU1443', '2022-11-03 00:00:00', 'MHE', '00:00:00', '5'),
('CL/DAU1443', '2022-11-03 00:00:00', 'AFDI', '02:20:00', '4'),
('CL/DAU1443', '2022-11-03 00:00:00', 'ONDO', '00:35:00', '12'),
('CL/DAU1443', '2022-11-03 00:00:00', 'MCTV', '00:50:00', '1'),
('CL/DAU1443', '2022-11-04 00:00:00', 'MIR', '00:00:00', '7'),
('CL/DAU1443', '2022-11-04 00:00:00', 'BIOA', '00:50:00', '14'),
('CL/DAU1443', '2022-11-04 00:00:00', 'MHE', '01:10:00', '4'),
('CL/DAU1443', '2022-11-04 00:00:00', 'MHE', '02:20:00', '12'),
('CL/DAU1443', '2022-11-05 00:00:00', 'AYUR', '00:00:00', '12'),
('CL/DAU1443', '2022-11-05 00:00:00', 'ONDO', '01:50:00', '1'),
('CL/DAU1443', '2022-11-05 00:00:00', 'MIR', '00:50:00', '15'),
('CL/DAU1443', '2022-11-05 00:00:00', 'AYUR', '00:50:00', '13'),
('CL/BLA2688', '2022-11-14 00:00:00', 'MTC', '00:00:00', '10'),
('CL/BLA2688', '2022-11-14 00:00:00', 'BIOA', '01:35:00', '12'),
('CL/BLA2688', '2022-11-14 00:00:00', 'MCALG', '01:10:00', '15'),
('CL/BLA2688', '2022-11-14 00:00:00', 'MVIA', '00:40:00', '3'),
('CL/BLA2688', '2022-11-15 00:00:00', 'MVO', '00:00:00', '9'),
('CL/BLA2688', '2022-11-15 00:00:00', 'MCALG', '00:50:00', '15'),
('CL/BLA2688', '2022-11-15 00:00:00', 'MHE', '00:40:00', '16'),
('CL/BLA2688', '2022-11-15 00:00:00', 'ONDO', '02:20:00', '11'),
('CL/BLA2688', '2022-11-16 00:00:00', 'MCALG', '00:00:00', '17'),
('CL/BLA2688', '2022-11-16 00:00:00', 'MCTV', '00:40:00', '1'),
('CL/BLA2688', '2022-11-16 00:00:00', 'MTC', '01:20:00', '17'),
('CL/BLA2688', '2022-11-16 00:00:00', 'MCTV', '01:35:00', '5'),
('CL/BLA2688', '2022-11-17 00:00:00', 'BIOA', '00:00:00', '4'),
('CL/BLA2688', '2022-11-17 00:00:00', 'AYUR', '01:10:00', '10'),
('CL/BLA2688', '2022-11-17 00:00:00', 'ONDO', '01:50:00', '5'),
('CL/BLA2688', '2022-11-17 00:00:00', 'M4M', '00:50:00', '17'),
('CL/BLA2688', '2022-11-18 00:00:00', 'AYUR', '00:00:00', '7'),
('CL/BLA2688', '2022-11-18 00:00:00', 'ONDO', '01:50:00', '12'),
('CL/BLA2688', '2022-11-18 00:00:00', 'MCHIB', '00:50:00', '3'),
('CL/BLA2688', '2022-11-18 00:00:00', 'MHE', '01:35:00', '1'),
('CL/BLA2688', '2022-11-19 00:00:00', 'MCALG', '00:00:00', '11'),
('CL/BLA2688', '2022-11-19 00:00:00', 'AYUR', '00:40:00', '6'),
('CL/BLA2688', '2022-11-19 00:00:00', 'MHE', '01:50:00', '11'),
('CL/BLA2688', '2022-11-19 00:00:00', 'BIOA', '02:20:00', '5'),
('CL/BON2141', '2022-11-28 00:00:00', 'MTC', '00:00:00', '13'),
('CL/BON2141', '2022-11-28 00:00:00', 'MCALG', '01:35:00', '3'),
('CL/BON2141', '2022-11-28 00:00:00', 'MVRA', '00:40:00', '13'),
('CL/BON2141', '2022-11-28 00:00:00', 'BAJE', '00:35:00', '9'),
('CL/BON2141', '2022-11-29 00:00:00', 'MVIA', '00:00:00', '12'),
('CL/BON2141', '2022-11-29 00:00:00', 'MVRA', '00:50:00', '12'),
('CL/BON2141', '2022-11-29 00:00:00', 'MVRA', '00:35:00', '10'),
('CL/BON2141', '2022-11-29 00:00:00', 'MCTV', '00:35:00', '2'),
('CL/BON2141', '2022-11-30 00:00:00', 'M4M', '00:00:00', '2'),
('CL/BON2141', '2022-11-30 00:00:00', 'AYUR', '01:20:00', '3'),
('CL/BON2141', '2022-11-30 00:00:00', 'MCTV', '01:50:00', '13'),
('CL/BON2141', '2022-11-30 00:00:00', 'MCALG', '01:20:00', '9'),
('CL/BON2141', '2022-12-01 00:00:00', 'AYUR', '00:00:00', '5'),
('CL/BON2141', '2022-12-01 00:00:00', 'MCTV', '01:50:00', '12'),
('CL/BON2141', '2022-12-01 00:00:00', 'BIOA', '01:20:00', '15'),
('CL/BON2141', '2022-12-01 00:00:00', 'MTC', '01:10:00', '4'),
('CL/BON2141', '2022-12-02 00:00:00', 'MTC', '00:00:00', '5'),
('CL/BON2141', '2022-12-02 00:00:00', 'M4M', '01:35:00', '3'),
('CL/BON2141', '2022-12-02 00:00:00', 'MVRA', '01:20:00', '14'),
('CL/BON2141', '2022-12-02 00:00:00', 'MVO', '00:35:00', '12'),
('CL/BON2141', '2022-12-03 00:00:00', 'ONDO', '00:00:00', '6'),
('CL/BON2141', '2022-12-03 00:00:00', 'MCHIB', '00:50:00', '1'),
('CL/BON2141', '2022-12-03 00:00:00', 'MVIA', '01:35:00', '17'),
('CL/BON2141', '2022-12-03 00:00:00', 'MCHIB', '00:50:00', '4'),
('CL/LER4475', '2022-12-12 00:00:00', 'MVRA', '00:00:00', '9'),
('CL/LER4475', '2022-12-12 00:00:00', 'ONDO', '00:35:00', '14'),
('CL/LER4475', '2022-12-12 00:00:00', 'MVO', '00:50:00', '3'),
('CL/LER4475', '2022-12-12 00:00:00', 'AYUR', '00:50:00', '15'),
('CL/LER4475', '2022-12-13 00:00:00', 'MVO', '00:00:00', '1'),
('CL/LER4475', '2022-12-13 00:00:00', 'BIOA', '00:50:00', '6'),
('CL/LER4475', '2022-12-13 00:00:00', 'M4M', '01:10:00', '3'),
('CL/LER4475', '2022-12-13 00:00:00', 'MVRA', '01:20:00', '1'),
('CL/LER4475', '2022-12-14 00:00:00', 'MVRA', '00:00:00', '13'),
('CL/LER4475', '2022-12-14 00:00:00', 'MVO', '00:35:00', '16'),
('CL/LER4475', '2022-12-14 00:00:00', 'MVIA', '00:50:00', '10'),
('CL/LER4475', '2022-12-14 00:00:00', 'MCHIB', '00:50:00', '12'),
('CL/LER4475', '2022-12-15 00:00:00', 'AFDI', '00:00:00', '10'),
('CL/LER4475', '2022-12-15 00:00:00', 'MHE', '00:35:00', '12'),
('CL/LER4475', '2022-12-15 00:00:00', 'MVO', '02:20:00', '7'),
('CL/LER4475', '2022-12-15 00:00:00', 'MIR', '00:50:00', '10'),
('CL/LER4475', '2022-12-16 00:00:00', 'MCALG', '00:00:00', '7'),
('CL/LER4475', '2022-12-16 00:00:00', 'BIOA', '00:40:00', '6'),
('CL/LER4475', '2022-12-16 00:00:00', 'MCHIB', '01:10:00', '8'),
('CL/LER4475', '2022-12-16 00:00:00', 'MVIA', '01:35:00', '12'),
('CL/LER4475', '2022-12-17 00:00:00', 'MVIA', '00:00:00', '2'),
('CL/LER4475', '2022-12-17 00:00:00', 'MHE', '00:50:00', '14'),
('CL/LER4475', '2022-12-17 00:00:00', 'MVO', '02:20:00', '7'),
('CL/LER4475', '2022-12-17 00:00:00', 'MCTV', '00:50:00', '4'),
('CL/LER4837', '2023-01-09 00:00:00', 'MHE', '00:00:00', '13'),
('CL/LER4837', '2023-01-09 00:00:00', 'MIR', '02:20:00', '5'),
('CL/LER4837', '2023-01-09 00:00:00', 'BAJE', '00:50:00', '3'),
('CL/LER4837', '2023-01-09 00:00:00', 'MTC', '01:35:00', '12'),
('CL/LER4837', '2023-01-10 00:00:00', 'BIOA', '00:00:00', '15'),
('CL/LER4837', '2023-01-10 00:00:00', 'M4M', '01:10:00', '11'),
('CL/LER4837', '2023-01-10 00:00:00', 'MCHIB', '01:20:00', '13'),
('CL/LER4837', '2023-01-10 00:00:00', 'BAJE', '01:35:00', '10'),
('CL/LER4837', '2023-01-11 00:00:00', 'MCTV', '00:00:00', '11'),
('CL/LER4837', '2023-01-11 00:00:00', 'MVO', '01:20:00', '5'),
('CL/LER4837', '2023-01-11 00:00:00', 'MTC', '00:50:00', '14'),
('CL/LER4837', '2023-01-11 00:00:00', 'AFDI', '01:35:00', '14'),
('CL/LER4837', '2023-01-12 00:00:00', 'MCHIB', '00:00:00', '5'),
('CL/LER4837', '2023-01-12 00:00:00', 'MCALG', '01:35:00', '2'),
('CL/LER4837', '2023-01-12 00:00:00', 'AYUR', '00:40:00', '2'),
('CL/LER4837', '2023-01-12 00:00:00', 'AYUR', '01:50:00', '6'),
('CL/LER4837', '2023-01-13 00:00:00', 'MCHIB', '00:00:00', '12'),
('CL/LER4837', '2023-01-13 00:00:00', 'MCHIB', '01:35:00', '5'),
('CL/LER4837', '2023-01-13 00:00:00', 'MIR', '01:35:00', '15'),
('CL/LER4837', '2023-01-13 00:00:00', 'ONDO', '00:50:00', '10'),
('CL/LER4837', '2023-01-14 00:00:00', 'MVIA', '00:00:00', '4'),
('CL/LER4837', '2023-01-14 00:00:00', 'MTC', '00:50:00', '16'),
('CL/LER4837', '2023-01-14 00:00:00', 'M4M', '01:35:00', '5'),
('CL/LER4837', '2023-01-14 00:00:00', 'MVRA', '01:20:00', '8'),
('CL/DEV1358', '2023-01-09 00:00:00', 'BIOA', '00:00:00', '1'),
('CL/DEV1358', '2023-01-09 00:00:00', 'MHE', '01:10:00', '11'),
('CL/DEV1358', '2023-01-09 00:00:00', 'M4M', '02:20:00', '4'),
('CL/DEV1358', '2023-01-09 00:00:00', 'M4M', '01:20:00', '16'),
('CL/DEV1358', '2023-01-10 00:00:00', 'MIR', '00:00:00', '6'),
('CL/DEV1358', '2023-01-10 00:00:00', 'MTC', '00:50:00', '16'),
('CL/DEV1358', '2023-01-10 00:00:00', 'MVIA', '01:35:00', '4'),
('CL/DEV1358', '2023-01-10 00:00:00', 'MVRA', '00:50:00', '10'),
('CL/DEV1358', '2023-01-11 00:00:00', 'MTC', '00:00:00', '9'),
('CL/DEV1358', '2023-01-11 00:00:00', 'MTC', '01:35:00', '10'),
('CL/DEV1358', '2023-01-11 00:00:00', 'M4M', '01:35:00', '9'),
('CL/DEV1358', '2023-01-11 00:00:00', 'BIOA', '01:20:00', '10'),
('CL/DEV1358', '2023-01-12 00:00:00', 'MIR', '00:00:00', '7'),
('CL/DEV1358', '2023-01-12 00:00:00', 'MIR', '00:50:00', '17'),
('CL/DEV1358', '2023-01-12 00:00:00', 'MIR', '00:50:00', '7'),
('CL/DEV1358', '2023-01-12 00:00:00', 'MVIA', '00:50:00', '13'),
('CL/DEV1358', '2023-01-13 00:00:00', 'AFDI', '00:00:00', '4'),
('CL/DEV1358', '2023-01-13 00:00:00', 'MHE', '00:35:00', '8'),
('CL/DEV1358', '2023-01-13 00:00:00', 'BAJE', '02:20:00', '8'),
('CL/DEV1358', '2023-01-13 00:00:00', 'M4M', '01:35:00', '7'),
('CL/DEV1358', '2023-01-14 00:00:00', 'BIOA', '00:00:00', '14'),
('CL/DEV1358', '2023-01-14 00:00:00', 'BIOA', '01:10:00', '15'),
('CL/DEV1358', '2023-01-14 00:00:00', 'M4M', '01:10:00', '11'),
('CL/DEV1358', '2023-01-14 00:00:00', 'MHE', '01:20:00', '1'),
('CL/KEL3794', '2023-01-09 00:00:00', 'MVO', '00:00:00', '4'),
('CL/KEL3794', '2023-01-09 00:00:00', 'MCTV', '00:50:00', '1'),
('CL/KEL3794', '2023-01-09 00:00:00', 'MVRA', '01:20:00', '17'),
('CL/KEL3794', '2023-01-09 00:00:00', 'AFDI', '00:35:00', '10'),
('CL/KEL3794', '2023-01-10 00:00:00', 'MCHIB', '00:00:00', '5'),
('CL/KEL3794', '2023-01-10 00:00:00', 'BIOA', '01:35:00', '15'),
('CL/KEL3794', '2023-01-10 00:00:00', 'M4M', '01:10:00', '13'),
('CL/KEL3794', '2023-01-10 00:00:00', 'M4M', '01:20:00', '11'),
('CL/KEL3794', '2023-01-11 00:00:00', 'AFDI', '00:00:00', '3'),
('CL/KEL3794', '2023-01-11 00:00:00', 'ONDO', '00:35:00', '5'),
('CL/KEL3794', '2023-01-11 00:00:00', 'MCTV', '00:50:00', '2'),
('CL/KEL3794', '2023-01-11 00:00:00', 'MCALG', '01:20:00', '7'),
('CL/KEL3794', '2023-01-12 00:00:00', 'ONDO', '00:00:00', '10'),
('CL/KEL3794', '2023-01-12 00:00:00', 'MIR', '00:50:00', '4'),
('CL/KEL3794', '2023-01-12 00:00:00', 'AYUR', '00:50:00', '7'),
('CL/KEL3794', '2023-01-12 00:00:00', 'MIR', '01:50:00', '8'),
('CL/KEL3794', '2023-01-13 00:00:00', 'MIR', '00:00:00', '14'),
('CL/KEL3794', '2023-01-13 00:00:00', 'MCHIB', '00:50:00', '16'),
('CL/KEL3794', '2023-01-13 00:00:00', 'AYUR', '01:35:00', '4'),
('CL/KEL3794', '2023-01-13 00:00:00', 'ONDO', '01:50:00', '4'),
('CL/KEL3794', '2023-01-14 00:00:00', 'MIR', '00:00:00', '6'),
('CL/KEL3794', '2023-01-14 00:00:00', 'BAJE', '00:50:00', '12'),
('CL/KEL3794', '2023-01-14 00:00:00', 'MTC', '01:35:00', '16'),
('CL/KEL3794', '2023-01-14 00:00:00', 'MVRA', '01:35:00', '2'),
('CL/VIL1353', '2023-01-16 00:00:00', 'BIOA', '00:00:00', '15'),
('CL/VIL1353', '2023-01-16 00:00:00', 'MVRA', '01:10:00', '13'),
('CL/VIL1353', '2023-01-16 00:00:00', 'AYUR', '00:35:00', '3'),
('CL/VIL1353', '2023-01-16 00:00:00', 'MHE', '01:50:00', '2'),
('CL/VIL1353', '2023-01-17 00:00:00', 'MCALG', '00:00:00', '17'),
('CL/VIL1353', '2023-01-17 00:00:00', 'MVIA', '00:40:00', '12'),
('CL/VIL1353', '2023-01-17 00:00:00', 'BIOA', '00:50:00', '5'),
('CL/VIL1353', '2023-01-17 00:00:00', 'M4M', '01:10:00', '8'),
('CL/VIL1353', '2023-01-18 00:00:00', 'MCALG', '00:00:00', '4'),
('CL/VIL1353', '2023-01-18 00:00:00', 'MCHIB', '00:40:00', '1'),
('CL/VIL1353', '2023-01-18 00:00:00', 'MCALG', '01:35:00', '7'),
('CL/VIL1353', '2023-01-18 00:00:00', 'MCHIB', '00:40:00', '2'),
('CL/VIL1353', '2023-01-19 00:00:00', 'MCALG', '00:00:00', '15'),
('CL/VIL1353', '2023-01-19 00:00:00', 'MTC', '00:40:00', '10'),
('CL/VIL1353', '2023-01-19 00:00:00', 'MHE', '01:35:00', '17'),
('CL/VIL1353', '2023-01-19 00:00:00', 'MIR', '02:20:00', '3'),
('CL/VIL1353', '2023-01-20 00:00:00', 'MVO', '00:00:00', '9'),
('CL/VIL1353', '2023-01-20 00:00:00', 'ONDO', '00:50:00', '15'),
('CL/VIL1353', '2023-01-20 00:00:00', 'MVRA', '00:50:00', '2'),
('CL/VIL1353', '2023-01-20 00:00:00', 'AYUR', '00:35:00', '17'),
('CL/VIL1353', '2023-01-21 00:00:00', 'AFDI', '00:00:00', '2'),
('CL/VIL1353', '2023-01-21 00:00:00', 'MTC', '00:35:00', '7'),
('CL/VIL1353', '2023-01-21 00:00:00', 'MVO', '01:35:00', '1'),
('CL/VIL1353', '2023-01-21 00:00:00', 'MCALG', '00:50:00', '16'),
('CL/MIT1868', '2023-01-23 00:00:00', 'BIOA', '00:00:00', '7'),
('CL/MIT1868', '2023-01-23 00:00:00', 'ONDO', '01:10:00', '6'),
('CL/MIT1868', '2023-01-23 00:00:00', 'AFDI', '00:50:00', '8'),
('CL/MIT1868', '2023-01-23 00:00:00', 'MVO', '00:35:00', '9'),
('CL/MIT1868', '2023-01-24 00:00:00', 'BIOA', '00:00:00', '12'),
('CL/MIT1868', '2023-01-24 00:00:00', 'BIOA', '01:10:00', '14'),
('CL/MIT1868', '2023-01-24 00:00:00', 'MVRA', '01:10:00', '1'),
('CL/MIT1868', '2023-01-24 00:00:00', 'MVIA', '00:35:00', '7'),
('CL/MIT1868', '2023-01-25 00:00:00', 'BAJE', '00:00:00', '1'),
('CL/MIT1868', '2023-01-25 00:00:00', 'MCALG', '01:35:00', '12'),
('CL/MIT1868', '2023-01-25 00:00:00', 'BAJE', '00:40:00', '15'),
('CL/MIT1868', '2023-01-25 00:00:00', 'AYUR', '01:35:00', '9'),
('CL/MIT1868', '2023-01-26 00:00:00', 'AFDI', '00:00:00', '15'),
('CL/MIT1868', '2023-01-26 00:00:00', 'MIR', '00:35:00', '10'),
('CL/MIT1868', '2023-01-26 00:00:00', 'MHE', '00:50:00', '7'),
('CL/MIT1868', '2023-01-26 00:00:00', 'MIR', '02:20:00', '15'),
('CL/MIT1868', '2023-01-27 00:00:00', 'ONDO', '00:00:00', '4'),
('CL/MIT1868', '2023-01-27 00:00:00', 'M4M', '00:50:00', '2'),
('CL/MIT1868', '2023-01-27 00:00:00', 'MCHIB', '01:20:00', '5'),
('CL/MIT1868', '2023-01-27 00:00:00', 'AFDI', '01:35:00', '8'),
('CL/MIT1868', '2023-01-28 00:00:00', 'AFDI', '00:00:00', '2'),
('CL/MIT1868', '2023-01-28 00:00:00', 'BIOA', '00:35:00', '2'),
('CL/MIT1868', '2023-01-28 00:00:00', 'M4M', '01:10:00', '1'),
('CL/MIT1868', '2023-01-28 00:00:00', 'AYUR', '01:20:00', '13'),
('CL/LAB4902', '2023-01-30 00:00:00', 'MIR', '00:00:00', '17'),
('CL/LAB4902', '2023-01-30 00:00:00', 'MCHIB', '00:50:00', '9'),
('CL/LAB4902', '2023-01-30 00:00:00', 'ONDO', '01:35:00', '17'),
('CL/LAB4902', '2023-01-30 00:00:00', 'BIOA', '00:50:00', '8'),
('CL/LAB4902', '2023-01-31 00:00:00', 'AFDI', '00:00:00', '6'),
('CL/LAB4902', '2023-01-31 00:00:00', 'MCHIB', '00:35:00', '14'),
('CL/LAB4902', '2023-01-31 00:00:00', 'MVRA', '01:35:00', '17'),
('CL/LAB4902', '2023-01-31 00:00:00', 'MVRA', '00:35:00', '5'),
('CL/LAB4902', '2023-02-01 00:00:00', 'MHE', '00:00:00', '17'),
('CL/LAB4902', '2023-02-01 00:00:00', 'MHE', '02:20:00', '10'),
('CL/LAB4902', '2023-02-01 00:00:00', 'MCTV', '02:20:00', '6'),
('CL/LAB4902', '2023-02-01 00:00:00', 'BIOA', '01:20:00', '8'),
('CL/LAB4902', '2023-02-02 00:00:00', 'BAJE', '00:00:00', '8'),
('CL/LAB4902', '2023-02-02 00:00:00', 'M4M', '01:35:00', '3'),
('CL/LAB4902', '2023-02-02 00:00:00', 'MCHIB', '01:20:00', '4'),
('CL/LAB4902', '2023-02-02 00:00:00', 'MVIA', '01:35:00', '4'),
('CL/LAB4902', '2023-02-03 00:00:00', 'BIOA', '00:00:00', '4'),
('CL/LAB4902', '2023-02-03 00:00:00', 'M4M', '01:10:00', '7'),
('CL/LAB4902', '2023-02-03 00:00:00', 'BIOA', '01:20:00', '3'),
('CL/LAB4902', '2023-02-03 00:00:00', 'AFDI', '01:10:00', '8'),
('CL/LAB4902', '2023-02-04 00:00:00', 'M4M', '00:00:00', '3'),
('CL/LAB4902', '2023-02-04 00:00:00', 'MCALG', '01:20:00', '3'),
('CL/LAB4902', '2023-02-04 00:00:00', 'MCALG', '00:40:00', '9'),
('CL/LAB4902', '2023-02-04 00:00:00', 'BIOA', '00:40:00', '2'),
('CL/SOY2413', '2023-01-30 00:00:00', 'MVO', '00:00:00', '6'),
('CL/SOY2413', '2023-01-30 00:00:00', 'MIR', '00:50:00', '1'),
('CL/SOY2413', '2023-01-30 00:00:00', 'AYUR', '00:50:00', '15'),
('CL/SOY2413', '2023-01-30 00:00:00', 'MVRA', '01:50:00', '6'),
('CL/SOY2413', '2023-01-31 00:00:00', 'AYUR', '00:00:00', '14'),
('CL/SOY2413', '2023-01-31 00:00:00', 'ONDO', '01:50:00', '10'),
('CL/SOY2413', '2023-01-31 00:00:00', 'MCALG', '00:50:00', '10'),
('CL/SOY2413', '2023-01-31 00:00:00', 'BIOA', '00:40:00', '12'),
('CL/SOY2413', '2023-02-01 00:00:00', 'MCTV', '00:00:00', '9'),
('CL/SOY2413', '2023-02-01 00:00:00', 'MVRA', '01:20:00', '7'),
('CL/SOY2413', '2023-02-01 00:00:00', 'MVRA', '00:35:00', '9'),
('CL/SOY2413', '2023-02-01 00:00:00', 'MTC', '00:35:00', '4'),
('CL/SOY2413', '2023-02-02 00:00:00', 'BIOA', '00:00:00', '2'),
('CL/SOY2413', '2023-02-02 00:00:00', 'BIOA', '01:10:00', '6'),
('CL/SOY2413', '2023-02-02 00:00:00', 'MCHIB', '01:10:00', '17'),
('CL/SOY2413', '2023-02-02 00:00:00', 'AYUR', '01:35:00', '7'),
('CL/SOY2413', '2023-02-03 00:00:00', 'AYUR', '00:00:00', '13'),
('CL/SOY2413', '2023-02-03 00:00:00', 'MCHIB', '01:50:00', '4'),
('CL/SOY2413', '2023-02-03 00:00:00', 'MCHIB', '01:35:00', '2'),
('CL/SOY2413', '2023-02-03 00:00:00', 'MIR', '01:35:00', '2'),
('CL/SOY2413', '2023-02-04 00:00:00', 'AFDI', '00:00:00', '12'),
('CL/SOY2413', '2023-02-04 00:00:00', 'MCALG', '00:35:00', '6'),
('CL/SOY2413', '2023-02-04 00:00:00', 'BAJE', '00:40:00', '14'),
('CL/SOY2413', '2023-02-04 00:00:00', 'BIOA', '01:35:00', '14'),
('CL/TUR2946', '2023-02-06 00:00:00', 'M4M', '00:00:00', '5'),
('CL/TUR2946', '2023-02-06 00:00:00', 'MVIA', '01:20:00', '11'),
('CL/TUR2946', '2023-02-06 00:00:00', 'BIOA', '00:50:00', '16'),
('CL/TUR2946', '2023-02-06 00:00:00', 'MCALG', '01:10:00', '16'),
('CL/TUR2946', '2023-02-07 00:00:00', 'MCTV', '00:00:00', '9'),
('CL/TUR2946', '2023-02-07 00:00:00', 'ONDO', '01:20:00', '16'),
('CL/TUR2946', '2023-02-07 00:00:00', 'MHE', '00:50:00', '13'),
('CL/TUR2946', '2023-02-07 00:00:00', 'ONDO', '02:20:00', '4'),
('CL/TUR2946', '2023-02-08 00:00:00', 'MVRA', '00:00:00', '17'),
('CL/TUR2946', '2023-02-08 00:00:00', 'MHE', '00:35:00', '9'),
('CL/TUR2946', '2023-02-08 00:00:00', 'BAJE', '02:20:00', '10'),
('CL/TUR2946', '2023-02-08 00:00:00', 'MCHIB', '01:35:00', '9'),
('CL/TUR2946', '2023-02-09 00:00:00', 'MHE', '00:00:00', '11'),
('CL/TUR2946', '2023-02-09 00:00:00', 'ONDO', '02:20:00', '6'),
('CL/TUR2946', '2023-02-09 00:00:00', 'AFDI', '00:50:00', '5'),
('CL/TUR2946', '2023-02-09 00:00:00', 'MIR', '00:35:00', '16'),
('CL/TUR2946', '2023-02-10 00:00:00', 'AFDI', '00:00:00', '10'),
('CL/TUR2946', '2023-02-10 00:00:00', 'MVO', '00:35:00', '3'),
('CL/TUR2946', '2023-02-10 00:00:00', 'AYUR', '00:50:00', '2'),
('CL/TUR2946', '2023-02-10 00:00:00', 'BIOA', '01:50:00', '8'),
('CL/TUR2946', '2023-02-11 00:00:00', 'MCTV', '00:00:00', '17'),
('CL/TUR2946', '2023-02-11 00:00:00', 'MTC', '01:20:00', '10'),
('CL/TUR2946', '2023-02-11 00:00:00', 'AFDI', '01:35:00', '16'),
('CL/TUR2946', '2023-02-11 00:00:00', 'MHE', '00:35:00', '12'),
('CL/CHO3748', '2023-02-20 00:00:00', 'AFDI', '00:00:00', '5'),
('CL/CHO3748', '2023-02-20 00:00:00', 'MIR', '00:35:00', '8'),
('CL/CHO3748', '2023-02-20 00:00:00', 'AYUR', '00:50:00', '11'),
('CL/CHO3748', '2023-02-20 00:00:00', 'MTC', '01:50:00', '15'),
('CL/CHO3748', '2023-02-21 00:00:00', 'MCHIB', '00:00:00', '15'),
('CL/CHO3748', '2023-02-21 00:00:00', 'ONDO', '01:35:00', '8'),
('CL/CHO3748', '2023-02-21 00:00:00', 'M4M', '00:50:00', '15'),
('CL/CHO3748', '2023-02-21 00:00:00', 'AFDI', '01:20:00', '5'),
('CL/CHO3748', '2023-02-22 00:00:00', 'MCTV', '00:00:00', '13'),
('CL/CHO3748', '2023-02-22 00:00:00', 'BIOA', '01:20:00', '8'),
('CL/CHO3748', '2023-02-22 00:00:00', 'MVRA', '01:10:00', '8'),
('CL/CHO3748', '2023-02-22 00:00:00', 'BAJE', '00:35:00', '17'),
('CL/CHO3748', '2023-02-23 00:00:00', 'MVIA', '00:00:00', '10'),
('CL/CHO3748', '2023-02-23 00:00:00', 'MCALG', '00:50:00', '14'),
('CL/CHO3748', '2023-02-23 00:00:00', 'MTC', '00:40:00', '2'),
('CL/CHO3748', '2023-02-23 00:00:00', 'BIOA', '01:35:00', '14'),
('CL/CHO3748', '2023-02-24 00:00:00', 'BAJE', '00:00:00', '12'),
('CL/CHO3748', '2023-02-24 00:00:00', 'MTC', '01:35:00', '13'),
('CL/CHO3748', '2023-02-24 00:00:00', 'MIR', '01:35:00', '11'),
('CL/CHO3748', '2023-02-24 00:00:00', 'BAJE', '00:50:00', '9'),
('CL/CHO3748', '2023-02-25 00:00:00', 'MCHIB', '00:00:00', '8'),
('CL/CHO3748', '2023-02-25 00:00:00', 'MIR', '01:35:00', '15'),
('CL/CHO3748', '2023-02-25 00:00:00', 'MTC', '00:50:00', '1'),
('CL/CHO3748', '2023-02-25 00:00:00', 'MHE', '01:35:00', '2'),
('CL/GUY450', '2023-02-20 00:00:00', 'AFDI', '00:00:00', '6'),
('CL/GUY450', '2023-02-20 00:00:00', 'BAJE', '00:35:00', '1'),
('CL/GUY450', '2023-02-20 00:00:00', 'ONDO', '01:35:00', '10'),
('CL/GUY450', '2023-02-20 00:00:00', 'MVO', '00:50:00', '5'),
('CL/GUY450', '2023-02-21 00:00:00', 'MHE', '00:00:00', '9'),
('CL/GUY450', '2023-02-21 00:00:00', 'BAJE', '02:20:00', '12'),
('CL/GUY450', '2023-02-21 00:00:00', 'M4M', '01:35:00', '2'),
('CL/GUY450', '2023-02-21 00:00:00', 'MVO', '01:20:00', '13'),
('CL/GUY450', '2023-02-22 00:00:00', 'MHE', '00:00:00', '13'),
('CL/GUY450', '2023-02-22 00:00:00', 'MVIA', '02:20:00', '13'),
('CL/GUY450', '2023-02-22 00:00:00', 'MIR', '00:50:00', '11'),
('CL/GUY450', '2023-02-22 00:00:00', 'AYUR', '00:50:00', '6'),
('CL/GUY450', '2023-02-23 00:00:00', 'MVIA', '00:00:00', '1'),
('CL/GUY450', '2023-02-23 00:00:00', 'BAJE', '00:50:00', '7'),
('CL/GUY450', '2023-02-23 00:00:00', 'MIR', '01:35:00', '5'),
('CL/GUY450', '2023-02-23 00:00:00', 'MVRA', '00:50:00', '13'),
('CL/GUY450', '2023-02-24 00:00:00', 'MIR', '00:00:00', '8'),
('CL/GUY450', '2023-02-24 00:00:00', 'MVIA', '00:50:00', '10'),
('CL/GUY450', '2023-02-24 00:00:00', 'BIOA', '00:50:00', '6'),
('CL/GUY450', '2023-02-24 00:00:00', 'MHE', '01:10:00', '2'),
('CL/GUY450', '2023-02-25 00:00:00', 'BIOA', '00:00:00', '4'),
('CL/GUY450', '2023-02-25 00:00:00', 'MCHIB', '01:10:00', '8'),
('CL/GUY450', '2023-02-25 00:00:00', 'ONDO', '01:35:00', '8'),
('CL/GUY450', '2023-02-25 00:00:00', 'MVIA', '00:50:00', '13'),
('CL/AVO1647', '2023-02-20 00:00:00', 'AYUR', '00:00:00', '16'),
('CL/AVO1647', '2023-02-20 00:00:00', 'ONDO', '01:50:00', '6'),
('CL/AVO1647', '2023-02-20 00:00:00', 'AYUR', '00:50:00', '11'),
('CL/AVO1647', '2023-02-20 00:00:00', 'AFDI', '01:50:00', '10'),
('CL/AVO1647', '2023-02-21 00:00:00', 'AYUR', '00:00:00', '10'),
('CL/AVO1647', '2023-02-21 00:00:00', 'MTC', '01:50:00', '10'),
('CL/AVO1647', '2023-02-21 00:00:00', 'MIR', '01:35:00', '8'),
('CL/AVO1647', '2023-02-21 00:00:00', 'MHE', '00:50:00', '7'),
('CL/AVO1647', '2023-02-22 00:00:00', 'MVO', '00:00:00', '12'),
('CL/AVO1647', '2023-02-22 00:00:00', 'MVO', '00:50:00', '15'),
('CL/AVO1647', '2023-02-22 00:00:00', 'MCALG', '00:50:00', '8'),
('CL/AVO1647', '2023-02-22 00:00:00', 'MVIA', '00:40:00', '3'),
('CL/AVO1647', '2023-02-23 00:00:00', 'MHE', '00:00:00', '17'),
('CL/AVO1647', '2023-02-23 00:00:00', 'BAJE', '02:20:00', '7'),
('CL/AVO1647', '2023-02-23 00:00:00', 'M4M', '01:35:00', '1'),
('CL/AVO1647', '2023-02-23 00:00:00', 'BIOA', '01:20:00', '8'),
('CL/AVO1647', '2023-02-24 00:00:00', 'MIR', '00:00:00', '1'),
('CL/AVO1647', '2023-02-24 00:00:00', 'MCALG', '00:50:00', '8'),
('CL/AVO1647', '2023-02-24 00:00:00', 'MCTV', '00:40:00', '14'),
('CL/AVO1647', '2023-02-24 00:00:00', 'MCALG', '01:20:00', '17'),
('CL/AVO1647', '2023-02-25 00:00:00', 'MCALG', '00:00:00', '13'),
('CL/AVO1647', '2023-02-25 00:00:00', 'MCALG', '00:40:00', '11'),
('CL/AVO1647', '2023-02-25 00:00:00', 'MVIA', '00:40:00', '13'),
('CL/AVO1647', '2023-02-25 00:00:00', 'BIOA', '00:50:00', '1'),
('CL/BEA1308', '2023-02-27 00:00:00', 'MHE', '00:00:00', '15'),
('CL/BEA1308', '2023-02-27 00:00:00', 'MCALG', '02:20:00', '3'),
('CL/BEA1308', '2023-02-27 00:00:00', 'BAJE', '00:40:00', '15'),
('CL/BEA1308', '2023-02-27 00:00:00', 'MCHIB', '01:35:00', '17'),
('CL/BEA1308', '2023-02-28 00:00:00', 'MVRA', '00:00:00', '3'),
('CL/BEA1308', '2023-02-28 00:00:00', 'BAJE', '00:35:00', '12'),
('CL/BEA1308', '2023-02-28 00:00:00', 'M4M', '01:35:00', '7'),
('CL/BEA1308', '2023-02-28 00:00:00', 'MVIA', '01:20:00', '11'),
('CL/BEA1308', '2023-03-01 00:00:00', 'MCTV', '00:00:00', '8'),
('CL/BEA1308', '2023-03-01 00:00:00', 'MVIA', '01:20:00', '7'),
('CL/BEA1308', '2023-03-01 00:00:00', 'AYUR', '00:50:00', '10'),
('CL/BEA1308', '2023-03-01 00:00:00', 'MVIA', '01:50:00', '15'),
('CL/BEA1308', '2023-03-02 00:00:00', 'MCHIB', '00:00:00', '10'),
('CL/BEA1308', '2023-03-02 00:00:00', 'M4M', '01:35:00', '5'),
('CL/BEA1308', '2023-03-02 00:00:00', 'MVO', '01:20:00', '17'),
('CL/BEA1308', '2023-03-02 00:00:00', 'AYUR', '00:50:00', '4'),
('CL/BEA1308', '2023-03-03 00:00:00', 'AYUR', '00:00:00', '5'),
('CL/BEA1308', '2023-03-03 00:00:00', 'MVO', '01:50:00', '15'),
('CL/BEA1308', '2023-03-03 00:00:00', 'MTC', '00:50:00', '16'),
('CL/BEA1308', '2023-03-03 00:00:00', 'BAJE', '01:35:00', '10'),
('CL/BEA1308', '2023-03-04 00:00:00', 'BAJE', '00:00:00', '13'),
('CL/BEA1308', '2023-03-04 00:00:00', 'BAJE', '01:35:00', '9'),
('CL/BEA1308', '2023-03-04 00:00:00', 'ONDO', '01:35:00', '17'),
('CL/BEA1308', '2023-03-04 00:00:00', 'MHE', '00:50:00', '15'),
('CL/COT2178', '2023-03-06 00:00:00', 'MTC', '00:00:00', '12'),
('CL/COT2178', '2023-03-06 00:00:00', 'M4M', '01:35:00', '3'),
('CL/COT2178', '2023-03-06 00:00:00', 'MHE', '01:20:00', '2'),
('CL/COT2178', '2023-03-06 00:00:00', 'MVIA', '02:20:00', '4'),
('CL/COT2178', '2023-03-07 00:00:00', 'ONDO', '00:00:00', '5'),
('CL/COT2178', '2023-03-07 00:00:00', 'MVRA', '00:50:00', '3'),
('CL/COT2178', '2023-03-07 00:00:00', 'MIR', '00:35:00', '9'),
('CL/COT2178', '2023-03-07 00:00:00', 'MVRA', '00:50:00', '10'),
('CL/COT2178', '2023-03-08 00:00:00', 'BIOA', '00:00:00', '6'),
('CL/COT2178', '2023-03-08 00:00:00', 'MCHIB', '01:10:00', '11'),
('CL/COT2178', '2023-03-08 00:00:00', 'MCHIB', '01:35:00', '14'),
('CL/COT2178', '2023-03-08 00:00:00', 'MCALG', '01:35:00', '6'),
('CL/COT2178', '2023-03-09 00:00:00', 'MHE', '00:00:00', '4'),
('CL/COT2178', '2023-03-09 00:00:00', 'MIR', '02:20:00', '12'),
('CL/COT2178', '2023-03-09 00:00:00', 'M4M', '00:50:00', '5'),
('CL/COT2178', '2023-03-09 00:00:00', 'ONDO', '01:20:00', '6'),
('CL/COT2178', '2023-03-10 00:00:00', 'AYUR', '00:00:00', '1'),
('CL/COT2178', '2023-03-10 00:00:00', 'AYUR', '01:50:00', '4'),
('CL/COT2178', '2023-03-10 00:00:00', 'MVIA', '01:50:00', '16'),
('CL/COT2178', '2023-03-10 00:00:00', 'MVO', '00:50:00', '14'),
('CL/COT2178', '2023-03-11 00:00:00', 'MCALG', '00:00:00', '16'),
('CL/COT2178', '2023-03-11 00:00:00', 'M4M', '00:40:00', '1'),
('CL/COT2178', '2023-03-11 00:00:00', 'MCHIB', '01:20:00', '17'),
('CL/COT2178', '2023-03-11 00:00:00', 'MHE', '01:35:00', '2'),
('CL/COE1556', '2023-03-13 00:00:00', 'BAJE', '00:00:00', '9'),
('CL/COE1556', '2023-03-13 00:00:00', 'MVIA', '01:35:00', '15'),
('CL/COE1556', '2023-03-13 00:00:00', 'ONDO', '00:50:00', '14'),
('CL/COE1556', '2023-03-13 00:00:00', 'ONDO', '00:50:00', '11'),
('CL/COE1556', '2023-03-14 00:00:00', 'MVIA', '00:00:00', '13'),
('CL/COE1556', '2023-03-14 00:00:00', 'MCALG', '00:50:00', '17'),
('CL/COE1556', '2023-03-14 00:00:00', 'MVRA', '00:40:00', '1'),
('CL/COE1556', '2023-03-14 00:00:00', 'AFDI', '00:35:00', '9'),
('CL/COE1556', '2023-03-15 00:00:00', 'MHE', '00:00:00', '12'),
('CL/COE1556', '2023-03-15 00:00:00', 'AYUR', '02:20:00', '1'),
('CL/COE1556', '2023-03-15 00:00:00', 'MCALG', '01:50:00', '7'),
('CL/COE1556', '2023-03-15 00:00:00', 'MIR', '00:40:00', '2'),
('CL/COE1556', '2023-03-16 00:00:00', 'ONDO', '00:00:00', '5'),
('CL/COE1556', '2023-03-16 00:00:00', 'ONDO', '00:50:00', '11'),
('CL/COE1556', '2023-03-16 00:00:00', 'MCALG', '00:50:00', '12'),
('CL/COE1556', '2023-03-16 00:00:00', 'MCALG', '00:40:00', '10'),
('CL/COE1556', '2023-03-17 00:00:00', 'MHE', '00:00:00', '1'),
('CL/COE1556', '2023-03-17 00:00:00', 'ONDO', '02:20:00', '9'),
('CL/COE1556', '2023-03-17 00:00:00', 'MCHIB', '00:50:00', '15'),
('CL/COE1556', '2023-03-17 00:00:00', 'ONDO', '01:35:00', '12'),
('CL/COE1556', '2023-03-18 00:00:00', 'AYUR', '00:00:00', '14'),
('CL/COE1556', '2023-03-18 00:00:00', 'MIR', '01:50:00', '10'),
('CL/COE1556', '2023-03-18 00:00:00', 'MCHIB', '00:50:00', '10'),
('CL/COE1556', '2023-03-18 00:00:00', 'MVO', '01:35:00', '10'),
('CL/JUL2336', '2023-03-20 00:00:00', 'MCHIB', '00:00:00', '1'),
('CL/JUL2336', '2023-03-20 00:00:00', 'ONDO', '01:35:00', '12'),
('CL/JUL2336', '2023-03-20 00:00:00', 'MVIA', '00:50:00', '12'),
('CL/JUL2336', '2023-03-20 00:00:00', 'BIOA', '00:50:00', '8'),
('CL/JUL2336', '2023-03-21 00:00:00', 'BAJE', '00:00:00', '8'),
('CL/JUL2336', '2023-03-21 00:00:00', 'BIOA', '01:35:00', '8'),
('CL/JUL2336', '2023-03-21 00:00:00', 'MVO', '01:10:00', '7'),
('CL/JUL2336', '2023-03-21 00:00:00', 'MCHIB', '00:50:00', '10'),
('CL/JUL2336', '2023-03-22 00:00:00', 'BIOA', '00:00:00', '4'),
('CL/JUL2336', '2023-03-22 00:00:00', 'BIOA', '01:10:00', '1'),
('CL/JUL2336', '2023-03-22 00:00:00', 'MIR', '01:10:00', '8'),
('CL/JUL2336', '2023-03-22 00:00:00', 'ONDO', '00:50:00', '11'),
('CL/JUL2336', '2023-03-23 00:00:00', 'M4M', '00:00:00', '10'),
('CL/JUL2336', '2023-03-23 00:00:00', 'MCALG', '01:20:00', '7'),
('CL/JUL2336', '2023-03-23 00:00:00', 'BAJE', '00:40:00', '9'),
('CL/JUL2336', '2023-03-23 00:00:00', 'MTC', '01:35:00', '3'),
('CL/JUL2336', '2023-03-24 00:00:00', 'MCHIB', '00:00:00', '13'),
('CL/JUL2336', '2023-03-24 00:00:00', 'MCHIB', '01:35:00', '2'),
('CL/JUL2336', '2023-03-24 00:00:00', 'MIR', '01:35:00', '17'),
('CL/JUL2336', '2023-03-24 00:00:00', 'AFDI', '00:50:00', '5'),
('CL/JUL2336', '2023-03-25 00:00:00', 'MCHIB', '00:00:00', '14'),
('CL/JUL2336', '2023-03-25 00:00:00', 'MCALG', '01:35:00', '14'),
('CL/JUL2336', '2023-03-25 00:00:00', 'M4M', '00:40:00', '1'),
('CL/JUL2336', '2023-03-25 00:00:00', 'MIR', '01:20:00', '15'),
('CL/CHA4062', '2023-03-27 00:00:00', 'MCHIB', '00:00:00', '3'),
('CL/CHA4062', '2023-03-27 00:00:00', 'AFDI', '01:35:00', '17'),
('CL/CHA4062', '2023-03-27 00:00:00', 'MCALG', '00:35:00', '13'),
('CL/CHA4062', '2023-03-27 00:00:00', 'MIR', '00:40:00', '16'),
('CL/CHA4062', '2023-03-28 00:00:00', 'MHE', '00:00:00', '4'),
('CL/CHA4062', '2023-03-28 00:00:00', 'BAJE', '02:20:00', '7'),
('CL/CHA4062', '2023-03-28 00:00:00', 'ONDO', '01:35:00', '15'),
('CL/CHA4062', '2023-03-28 00:00:00', 'MVO', '00:50:00', '4'),
('CL/CHA4062', '2023-03-29 00:00:00', 'MHE', '00:00:00', '17'),
('CL/CHA4062', '2023-03-29 00:00:00', 'ONDO', '02:20:00', '9'),
('CL/CHA4062', '2023-03-29 00:00:00', 'MVIA', '00:50:00', '11'),
('CL/CHA4062', '2023-03-29 00:00:00', 'M4M', '00:50:00', '9'),
('CL/CHA4062', '2023-03-30 00:00:00', 'MVO', '00:00:00', '17'),
('CL/CHA4062', '2023-03-30 00:00:00', 'M4M', '00:50:00', '16'),
('CL/CHA4062', '2023-03-30 00:00:00', 'MCALG', '01:20:00', '11'),
('CL/CHA4062', '2023-03-30 00:00:00', 'AFDI', '00:40:00', '11'),
('CL/CHA4062', '2023-03-31 00:00:00', 'MTC', '00:00:00', '4'),
('CL/CHA4062', '2023-03-31 00:00:00', 'MTC', '01:35:00', '7'),
('CL/CHA4062', '2023-03-31 00:00:00', 'AYUR', '01:35:00', '17'),
('CL/CHA4062', '2023-03-31 00:00:00', 'MTC', '01:50:00', '5'),
('CL/CHA4062', '2023-04-01 00:00:00', 'MVIA', '00:00:00', '9'),
('CL/CHA4062', '2023-04-01 00:00:00', 'MCALG', '00:50:00', '16'),
('CL/CHA4062', '2023-04-01 00:00:00', 'MCHIB', '00:40:00', '1'),
('CL/CHA4062', '2023-04-01 00:00:00', 'MVO', '01:35:00', '9'),
('CL/JOU3219', '2023-04-03 00:00:00', 'M4M', '00:00:00', '2'),
('CL/JOU3219', '2023-04-03 00:00:00', 'MIR', '01:20:00', '13'),
('CL/JOU3219', '2023-04-03 00:00:00', 'BIOA', '00:50:00', '10'),
('CL/JOU3219', '2023-04-03 00:00:00', 'MTC', '01:10:00', '12'),
('CL/JOU3219', '2023-04-04 00:00:00', 'MCHIB', '00:00:00', '13'),
('CL/JOU3219', '2023-04-04 00:00:00', 'BAJE', '01:35:00', '15'),
('CL/JOU3219', '2023-04-04 00:00:00', 'M4M', '01:35:00', '3'),
('CL/JOU3219', '2023-04-04 00:00:00', 'MCTV', '01:20:00', '11'),
('CL/JOU3219', '2023-04-05 00:00:00', 'MCHIB', '00:00:00', '9'),
('CL/JOU3219', '2023-04-05 00:00:00', 'ONDO', '01:35:00', '5'),
('CL/JOU3219', '2023-04-05 00:00:00', 'MTC', '00:50:00', '3'),
('CL/JOU3219', '2023-04-05 00:00:00', 'MCHIB', '01:35:00', '1'),
('CL/JOU3219', '2023-04-06 00:00:00', 'ONDO', '00:00:00', '17'),
('CL/JOU3219', '2023-04-06 00:00:00', 'MTC', '00:50:00', '14'),
('CL/JOU3219', '2023-04-06 00:00:00', 'BAJE', '01:35:00', '9'),
('CL/JOU3219', '2023-04-06 00:00:00', 'AFDI', '01:35:00', '17'),
('CL/JOU3219', '2023-04-07 00:00:00', 'BIOA', '00:00:00', '13'),
('CL/JOU3219', '2023-04-07 00:00:00', 'MCTV', '01:10:00', '3'),
('CL/JOU3219', '2023-04-07 00:00:00', 'AYUR', '01:20:00', '1'),
('CL/JOU3219', '2023-04-07 00:00:00', 'MHE', '01:50:00', '11'),
('CL/JOU3219', '2023-04-08 00:00:00', 'MCALG', '00:00:00', '12'),
('CL/JOU3219', '2023-04-08 00:00:00', 'MCALG', '00:40:00', '9'),
('CL/JOU3219', '2023-04-08 00:00:00', 'ONDO', '00:40:00', '13'),
('CL/JOU3219', '2023-04-08 00:00:00', 'MCALG', '00:50:00', '7'),
('CL/LAR4434', '2023-04-10 00:00:00', 'MCTV', '00:00:00', '15'),
('CL/LAR4434', '2023-04-10 00:00:00', 'M4M', '01:20:00', '1'),
('CL/LAR4434', '2023-04-10 00:00:00', 'BAJE', '01:20:00', '14'),
('CL/LAR4434', '2023-04-10 00:00:00', 'MIR', '01:35:00', '9'),
('CL/LAR4434', '2023-04-11 00:00:00', 'MHE', '00:00:00', '3'),
('CL/LAR4434', '2023-04-11 00:00:00', 'AYUR', '02:20:00', '14'),
('CL/LAR4434', '2023-04-11 00:00:00', 'MCALG', '01:50:00', '13'),
('CL/LAR4434', '2023-04-11 00:00:00', 'MCHIB', '00:40:00', '15'),
('CL/LAR4434', '2023-04-12 00:00:00', 'ONDO', '00:00:00', '14'),
('CL/LAR4434', '2023-04-12 00:00:00', 'MTC', '00:50:00', '4'),
('CL/LAR4434', '2023-04-12 00:00:00', 'AYUR', '01:35:00', '7'),
('CL/LAR4434', '2023-04-12 00:00:00', 'BIOA', '01:50:00', '1'),
('CL/LAR4434', '2023-04-13 00:00:00', 'MCALG', '00:00:00', '11'),
('CL/LAR4434', '2023-04-13 00:00:00', 'MIR', '00:40:00', '10'),
('CL/LAR4434', '2023-04-13 00:00:00', 'MCTV', '00:50:00', '14'),
('CL/LAR4434', '2023-04-13 00:00:00', 'AFDI', '01:20:00', '13'),
('CL/LAR4434', '2023-04-14 00:00:00', 'MHE', '00:00:00', '13'),
('CL/LAR4434', '2023-04-14 00:00:00', 'BIOA', '02:20:00', '5'),
('CL/LAR4434', '2023-04-14 00:00:00', 'BAJE', '01:10:00', '12'),
('CL/LAR4434', '2023-04-14 00:00:00', 'MCTV', '01:35:00', '8'),
('CL/LAR4434', '2023-04-15 00:00:00', 'MVIA', '00:00:00', '15'),
('CL/LAR4434', '2023-04-15 00:00:00', 'MCTV', '00:50:00', '11'),
('CL/LAR4434', '2023-04-15 00:00:00', 'M4M', '01:20:00', '12'),
('CL/LAR4434', '2023-04-15 00:00:00', 'MVRA', '01:20:00', '3'),
('CL/BEA4237', '2023-04-10 00:00:00', 'BIOA', '00:00:00', '1'),
('CL/BEA4237', '2023-04-10 00:00:00', 'MIR', '01:10:00', '11'),
('CL/BEA4237', '2023-04-10 00:00:00', 'AFDI', '00:50:00', '5'),
('CL/BEA4237', '2023-04-10 00:00:00', 'AYUR', '00:35:00', '15'),
('CL/BEA4237', '2023-04-11 00:00:00', 'ONDO', '00:00:00', '15'),
('CL/BEA4237', '2023-04-11 00:00:00', 'MVRA', '00:50:00', '12'),
('CL/BEA4237', '2023-04-11 00:00:00', 'MTC', '00:35:00', '5'),
('CL/BEA4237', '2023-04-11 00:00:00', 'M4M', '01:35:00', '14'),
('CL/BEA4237', '2023-04-12 00:00:00', 'BAJE', '00:00:00', '9'),
('CL/BEA4237', '2023-04-12 00:00:00', 'MCTV', '01:35:00', '15'),
('CL/BEA4237', '2023-04-12 00:00:00', 'MVRA', '01:20:00', '4'),
('CL/BEA4237', '2023-04-12 00:00:00', 'MCALG', '00:35:00', '9'),
('CL/BEA4237', '2023-04-13 00:00:00', 'MCHIB', '00:00:00', '15'),
('CL/BEA4237', '2023-04-13 00:00:00', 'MCHIB', '01:35:00', '16'),
('CL/BEA4237', '2023-04-13 00:00:00', 'MVIA', '01:35:00', '16'),
('CL/BEA4237', '2023-04-13 00:00:00', 'ONDO', '00:50:00', '4'),
('CL/BEA4237', '2023-04-14 00:00:00', 'AFDI', '00:00:00', '4'),
('CL/BEA4237', '2023-04-14 00:00:00', 'MVIA', '00:35:00', '2'),
('CL/BEA4237', '2023-04-14 00:00:00', 'MVIA', '00:50:00', '1'),
('CL/BEA4237', '2023-04-14 00:00:00', 'MCALG', '00:50:00', '9'),
('CL/BEA4237', '2023-04-15 00:00:00', 'MCALG', '00:00:00', '9'),
('CL/BEA4237', '2023-04-15 00:00:00', 'MVRA', '00:40:00', '12'),
('CL/BEA4237', '2023-04-15 00:00:00', 'MHE', '00:35:00', '6'),
('CL/BEA4237', '2023-04-15 00:00:00', 'MIR', '02:20:00', '5'),
('CL/BOI3009', '2023-04-17 00:00:00', 'MHE', '00:00:00', '14'),
('CL/BOI3009', '2023-04-17 00:00:00', 'M4M', '02:20:00', '14'),
('CL/BOI3009', '2023-04-17 00:00:00', 'MCALG', '01:20:00', '12'),
('CL/BOI3009', '2023-04-17 00:00:00', 'MVIA', '00:40:00', '2'),
('CL/BOI3009', '2023-04-18 00:00:00', 'MCTV', '00:00:00', '10'),
('CL/BOI3009', '2023-04-18 00:00:00', 'ONDO', '01:20:00', '3'),
('CL/BOI3009', '2023-04-18 00:00:00', 'MIR', '00:50:00', '7'),
('CL/BOI3009', '2023-04-18 00:00:00', 'MIR', '00:50:00', '7'),
('CL/BOI3009', '2023-04-19 00:00:00', 'ONDO', '00:00:00', '11'),
('CL/BOI3009', '2023-04-19 00:00:00', 'ONDO', '00:50:00', '15'),
('CL/BOI3009', '2023-04-19 00:00:00', 'MVRA', '00:50:00', '17'),
('CL/BOI3009', '2023-04-19 00:00:00', 'BIOA', '00:35:00', '2'),
('CL/BOI3009', '2023-04-20 00:00:00', 'MCHIB', '00:00:00', '12'),
('CL/BOI3009', '2023-04-20 00:00:00', 'MVRA', '01:35:00', '8'),
('CL/BOI3009', '2023-04-20 00:00:00', 'MCHIB', '00:35:00', '5'),
('CL/BOI3009', '2023-04-20 00:00:00', 'AFDI', '01:35:00', '3'),
('CL/BOI3009', '2023-04-21 00:00:00', 'AYUR', '00:00:00', '10'),
('CL/BOI3009', '2023-04-21 00:00:00', 'MVRA', '01:50:00', '8'),
('CL/BOI3009', '2023-04-21 00:00:00', 'M4M', '00:35:00', '8'),
('CL/BOI3009', '2023-04-21 00:00:00', 'BAJE', '01:20:00', '11'),
('CL/BOI3009', '2023-04-22 00:00:00', 'ONDO', '00:00:00', '11'),
('CL/BOI3009', '2023-04-22 00:00:00', 'MVO', '00:50:00', '5'),
('CL/BOI3009', '2023-04-22 00:00:00', 'AFDI', '00:50:00', '5'),
('CL/BOI3009', '2023-04-22 00:00:00', 'MCALG', '00:35:00', '12'),
('CL/FOU4307', '2023-04-17 00:00:00', 'MTC', '00:00:00', '9'),
('CL/FOU4307', '2023-04-17 00:00:00', 'MIR', '01:35:00', '12'),
('CL/FOU4307', '2023-04-17 00:00:00', 'ONDO', '00:50:00', '16'),
('CL/FOU4307', '2023-04-17 00:00:00', 'MIR', '00:50:00', '5'),
('CL/FOU4307', '2023-04-18 00:00:00', 'AFDI', '00:00:00', '13'),
('CL/FOU4307', '2023-04-18 00:00:00', 'M4M', '00:35:00', '15'),
('CL/FOU4307', '2023-04-18 00:00:00', 'AYUR', '01:20:00', '13'),
('CL/FOU4307', '2023-04-18 00:00:00', 'M4M', '01:50:00', '7'),
('CL/FOU4307', '2023-04-19 00:00:00', 'MVRA', '00:00:00', '6'),
('CL/FOU4307', '2023-04-19 00:00:00', 'AYUR', '00:35:00', '14'),
('CL/FOU4307', '2023-04-19 00:00:00', 'ONDO', '01:50:00', '13'),
('CL/FOU4307', '2023-04-19 00:00:00', 'MVRA', '00:50:00', '9'),
('CL/FOU4307', '2023-04-20 00:00:00', 'AYUR', '00:00:00', '12'),
('CL/FOU4307', '2023-04-20 00:00:00', 'MCTV', '01:50:00', '6'),
('CL/FOU4307', '2023-04-20 00:00:00', 'MVO', '01:20:00', '8'),
('CL/FOU4307', '2023-04-20 00:00:00', 'BAJE', '00:50:00', '14'),
('CL/FOU4307', '2023-04-21 00:00:00', 'MVO', '00:00:00', '16'),
('CL/FOU4307', '2023-04-21 00:00:00', 'MVO', '00:50:00', '13'),
('CL/FOU4307', '2023-04-21 00:00:00', 'MVIA', '00:50:00', '16'),
('CL/FOU4307', '2023-04-21 00:00:00', 'MVRA', '00:50:00', '3'),
('CL/FOU4307', '2023-04-22 00:00:00', 'MVIA', '00:00:00', '8'),
('CL/FOU4307', '2023-04-22 00:00:00', 'AYUR', '00:50:00', '2'),
('CL/FOU4307', '2023-04-22 00:00:00', 'MCHIB', '01:50:00', '3'),
('CL/FOU4307', '2023-04-22 00:00:00', 'MCHIB', '01:35:00', '13'),
('CL/ROB1406', '2023-04-17 00:00:00', 'ONDO', '00:00:00', '9'),
('CL/ROB1406', '2023-04-17 00:00:00', 'MVIA', '00:50:00', '11'),
('CL/ROB1406', '2023-04-17 00:00:00', 'ONDO', '00:50:00', '16'),
('CL/ROB1406', '2023-04-17 00:00:00', 'AYUR', '00:50:00', '8'),
('CL/ROB1406', '2023-04-18 00:00:00', 'MCALG', '00:00:00', '14'),
('CL/ROB1406', '2023-04-18 00:00:00', 'MCHIB', '00:40:00', '3'),
('CL/ROB1406', '2023-04-18 00:00:00', 'AFDI', '01:35:00', '6'),
('CL/ROB1406', '2023-04-18 00:00:00', 'AFDI', '00:35:00', '7'),
('CL/ROB1406', '2023-04-19 00:00:00', 'ONDO', '00:00:00', '6'),
('CL/ROB1406', '2023-04-19 00:00:00', 'AFDI', '00:50:00', '5'),
('CL/ROB1406', '2023-04-19 00:00:00', 'AFDI', '00:35:00', '9'),
('CL/ROB1406', '2023-04-19 00:00:00', 'MVIA', '00:35:00', '4'),
('CL/ROB1406', '2023-04-20 00:00:00', 'MCALG', '00:00:00', '3'),
('CL/ROB1406', '2023-04-20 00:00:00', 'MTC', '00:40:00', '8'),
('CL/ROB1406', '2023-04-20 00:00:00', 'MIR', '01:35:00', '10'),
('CL/ROB1406', '2023-04-20 00:00:00', 'MCTV', '00:50:00', '5'),
('CL/ROB1406', '2023-04-21 00:00:00', 'AYUR', '00:00:00', '4'),
('CL/ROB1406', '2023-04-21 00:00:00', 'MVIA', '01:50:00', '6'),
('CL/ROB1406', '2023-04-21 00:00:00', 'MTC', '00:50:00', '15'),
('CL/ROB1406', '2023-04-21 00:00:00', 'MIR', '01:35:00', '9'),
('CL/ROB1406', '2023-04-22 00:00:00', 'MCALG', '00:00:00', '7'),
('CL/ROB1406', '2023-04-22 00:00:00', 'AYUR', '00:40:00', '13'),
('CL/ROB1406', '2023-04-22 00:00:00', 'MCHIB', '01:50:00', '11'),
('CL/ROB1406', '2023-04-22 00:00:00', 'MCTV', '01:35:00', '1'),
('CL/PUT3360', '2023-04-24 00:00:00', 'AFDI', '00:00:00', '16'),
('CL/PUT3360', '2023-04-24 00:00:00', 'AYUR', '00:35:00', '3'),
('CL/PUT3360', '2023-04-24 00:00:00', 'MCTV', '01:50:00', '15'),
('CL/PUT3360', '2023-04-24 00:00:00', 'M4M', '01:20:00', '12'),
('CL/PUT3360', '2023-04-25 00:00:00', 'BAJE', '00:00:00', '1'),
('CL/PUT3360', '2023-04-25 00:00:00', 'M4M', '01:35:00', '11'),
('CL/PUT3360', '2023-04-25 00:00:00', 'M4M', '01:20:00', '2'),
('CL/PUT3360', '2023-04-25 00:00:00', 'MVIA', '01:20:00', '6'),
('CL/PUT3360', '2023-04-26 00:00:00', 'AFDI', '00:00:00', '3'),
('CL/PUT3360', '2023-04-26 00:00:00', 'MCHIB', '00:35:00', '11'),
('CL/PUT3360', '2023-04-26 00:00:00', 'AFDI', '01:35:00', '4'),
('CL/PUT3360', '2023-04-26 00:00:00', 'MHE', '00:35:00', '10'),
('CL/PUT3360', '2023-04-27 00:00:00', 'MVIA', '00:00:00', '4'),
('CL/PUT3360', '2023-04-27 00:00:00', 'MCALG', '00:50:00', '5'),
('CL/PUT3360', '2023-04-27 00:00:00', 'AFDI', '00:40:00', '6'),
('CL/PUT3360', '2023-04-27 00:00:00', 'AYUR', '00:35:00', '10'),
('CL/PUT3360', '2023-04-28 00:00:00', 'MVIA', '00:00:00', '9'),
('CL/PUT3360', '2023-04-28 00:00:00', 'MVRA', '00:50:00', '9'),
('CL/PUT3360', '2023-04-28 00:00:00', 'MVRA', '00:35:00', '9'),
('CL/PUT3360', '2023-04-28 00:00:00', 'ONDO', '00:35:00', '12'),
('CL/PUT3360', '2023-04-29 00:00:00', 'MTC', '00:00:00', '13'),
('CL/PUT3360', '2023-04-29 00:00:00', 'MIR', '01:35:00', '9'),
('CL/PUT3360', '2023-04-29 00:00:00', 'AYUR', '00:50:00', '13'),
('CL/PUT3360', '2023-04-29 00:00:00', 'BIOA', '01:50:00', '8'),
('CL/ORA4214', '2023-05-01 00:00:00', 'M4M', '00:00:00', '6'),
('CL/ORA4214', '2023-05-01 00:00:00', 'MHE', '01:20:00', '17'),
('CL/ORA4214', '2023-05-01 00:00:00', 'M4M', '02:20:00', '2'),
('CL/ORA4214', '2023-05-01 00:00:00', 'MVO', '01:20:00', '9'),
('CL/ORA4214', '2023-05-02 00:00:00', 'M4M', '00:00:00', '7'),
('CL/ORA4214', '2023-05-02 00:00:00', 'ONDO', '01:20:00', '9'),
('CL/ORA4214', '2023-05-02 00:00:00', 'MVIA', '00:50:00', '12'),
('CL/ORA4214', '2023-05-02 00:00:00', 'MHE', '00:50:00', '10'),
('CL/ORA4214', '2023-05-03 00:00:00', 'MCHIB', '00:00:00', '16'),
('CL/ORA4214', '2023-05-03 00:00:00', 'MIR', '01:35:00', '5'),
('CL/ORA4214', '2023-05-03 00:00:00', 'MCALG', '00:50:00', '17'),
('CL/ORA4214', '2023-05-03 00:00:00', 'BIOA', '00:40:00', '5'),
('CL/ORA4214', '2023-05-04 00:00:00', 'MHE', '00:00:00', '14'),
('CL/ORA4214', '2023-05-04 00:00:00', 'MHE', '02:20:00', '1'),
('CL/ORA4214', '2023-05-04 00:00:00', 'AYUR', '02:20:00', '2'),
('CL/ORA4214', '2023-05-04 00:00:00', 'MIR', '01:50:00', '17'),
('CL/ORA4214', '2023-05-05 00:00:00', 'M4M', '00:00:00', '14'),
('CL/ORA4214', '2023-05-05 00:00:00', 'AYUR', '01:20:00', '5'),
('CL/ORA4214', '2023-05-05 00:00:00', 'AYUR', '01:50:00', '9'),
('CL/ORA4214', '2023-05-05 00:00:00', 'BIOA', '01:50:00', '17'),
('CL/ORA4214', '2023-05-06 00:00:00', 'MIR', '00:00:00', '12'),
('CL/ORA4214', '2023-05-06 00:00:00', 'MHE', '00:50:00', '16'),
('CL/ORA4214', '2023-05-06 00:00:00', 'BIOA', '02:20:00', '15'),
('CL/ORA4214', '2023-05-06 00:00:00', 'MVRA', '01:10:00', '8'),
('CL/BOT4530', '2023-05-01 00:00:00', 'ONDO', '00:00:00', '14'),
('CL/BOT4530', '2023-05-01 00:00:00', 'ONDO', '00:50:00', '4'),
('CL/BOT4530', '2023-05-01 00:00:00', 'MCTV', '00:50:00', '7'),
('CL/BOT4530', '2023-05-01 00:00:00', 'MTC', '01:20:00', '1'),
('CL/BOT4530', '2023-05-02 00:00:00', 'MCHIB', '00:00:00', '15'),
('CL/BOT4530', '2023-05-02 00:00:00', 'BAJE', '01:35:00', '17'),
('CL/BOT4530', '2023-05-02 00:00:00', 'MVIA', '01:35:00', '17'),
('CL/BOT4530', '2023-05-02 00:00:00', 'MIR', '00:50:00', '15'),
('CL/BOT4530', '2023-05-03 00:00:00', 'BIOA', '00:00:00', '13'),
('CL/BOT4530', '2023-05-03 00:00:00', 'BAJE', '01:10:00', '6'),
('CL/BOT4530', '2023-05-03 00:00:00', 'MVRA', '01:35:00', '17'),
('CL/BOT4530', '2023-05-03 00:00:00', 'BIOA', '00:35:00', '2'),
('CL/BOT4530', '2023-05-04 00:00:00', 'MIR', '00:00:00', '10'),
('CL/BOT4530', '2023-05-04 00:00:00', 'MCHIB', '00:50:00', '11'),
('CL/BOT4530', '2023-05-04 00:00:00', 'AYUR', '01:35:00', '12'),
('CL/BOT4530', '2023-05-04 00:00:00', 'M4M', '01:50:00', '9'),
('CL/BOT4530', '2023-05-05 00:00:00', 'AFDI', '00:00:00', '6'),
('CL/BOT4530', '2023-05-05 00:00:00', 'AYUR', '00:35:00', '5'),
('CL/BOT4530', '2023-05-05 00:00:00', 'MTC', '01:50:00', '1'),
('CL/BOT4530', '2023-05-05 00:00:00', 'MCTV', '01:35:00', '10'),
('CL/BOT4530', '2023-05-06 00:00:00', 'ONDO', '00:00:00', '4'),
('CL/BOT4530', '2023-05-06 00:00:00', 'MTC', '00:50:00', '15'),
('CL/BOT4530', '2023-05-06 00:00:00', 'ONDO', '01:35:00', '15'),
('CL/BOT4530', '2023-05-06 00:00:00', 'M4M', '00:50:00', '6'),
('CL/SAR2417', '2023-05-08 00:00:00', 'MVO', '00:00:00', '12'),
('CL/SAR2417', '2023-05-08 00:00:00', 'MCALG', '00:50:00', '16'),
('CL/SAR2417', '2023-05-08 00:00:00', 'BIOA', '00:40:00', '14'),
('CL/SAR2417', '2023-05-08 00:00:00', 'AFDI', '01:10:00', '16'),
('CL/SAR2417', '2023-05-09 00:00:00', 'AYUR', '00:00:00', '2'),
('CL/SAR2417', '2023-05-09 00:00:00', 'BAJE', '01:50:00', '12'),
('CL/SAR2417', '2023-05-09 00:00:00', 'MVRA', '01:35:00', '3'),
('CL/SAR2417', '2023-05-09 00:00:00', 'MCTV', '00:35:00', '3'),
('CL/SAR2417', '2023-05-10 00:00:00', 'MCHIB', '00:00:00', '6'),
('CL/SAR2417', '2023-05-10 00:00:00', 'MHE', '01:35:00', '17'),
('CL/SAR2417', '2023-05-10 00:00:00', 'BIOA', '02:20:00', '10'),
('CL/SAR2417', '2023-05-10 00:00:00', 'MHE', '01:10:00', '9'),
('CL/SAR2417', '2023-05-11 00:00:00', 'AYUR', '00:00:00', '4'),
('CL/SAR2417', '2023-05-11 00:00:00', 'MVRA', '01:50:00', '10'),
('CL/SAR2417', '2023-05-11 00:00:00', 'M4M', '00:35:00', '16'),
('CL/SAR2417', '2023-05-11 00:00:00', 'MTC', '01:20:00', '8'),
('CL/SAR2417', '2023-05-12 00:00:00', 'MHE', '00:00:00', '3'),
('CL/SAR2417', '2023-05-12 00:00:00', 'BAJE', '02:20:00', '15'),
('CL/SAR2417', '2023-05-12 00:00:00', 'MCHIB', '01:35:00', '13'),
('CL/SAR2417', '2023-05-12 00:00:00', 'AYUR', '01:35:00', '15'),
('CL/SAR2417', '2023-05-13 00:00:00', 'MVO', '00:00:00', '10'),
('CL/SAR2417', '2023-05-13 00:00:00', 'M4M', '00:50:00', '9'),
('CL/SAR2417', '2023-05-13 00:00:00', 'MVRA', '01:20:00', '11'),
('CL/SAR2417', '2023-05-13 00:00:00', 'AYUR', '00:35:00', '12'),
('CL/CLE1661', '2023-05-08 00:00:00', 'MVRA', '00:00:00', '13'),
('CL/CLE1661', '2023-05-08 00:00:00', 'MCTV', '00:35:00', '16'),
('CL/CLE1661', '2023-05-08 00:00:00', 'AFDI', '01:20:00', '11'),
('CL/CLE1661', '2023-05-08 00:00:00', 'BAJE', '00:35:00', '13'),
('CL/CLE1661', '2023-05-09 00:00:00', 'MHE', '00:00:00', '12'),
('CL/CLE1661', '2023-05-09 00:00:00', 'BAJE', '02:20:00', '13'),
('CL/CLE1661', '2023-05-09 00:00:00', 'MVO', '01:35:00', '9'),
('CL/CLE1661', '2023-05-09 00:00:00', 'MVRA', '00:50:00', '9'),
('CL/CLE1661', '2023-05-10 00:00:00', 'MVIA', '00:00:00', '16'),
('CL/CLE1661', '2023-05-10 00:00:00', 'MVO', '00:50:00', '13'),
('CL/CLE1661', '2023-05-10 00:00:00', 'M4M', '00:50:00', '4'),
('CL/CLE1661', '2023-05-10 00:00:00', 'MCTV', '01:20:00', '12'),
('CL/CLE1661', '2023-05-11 00:00:00', 'MVIA', '00:00:00', '4'),
('CL/CLE1661', '2023-05-11 00:00:00', 'BAJE', '00:50:00', '15'),
('CL/CLE1661', '2023-05-11 00:00:00', 'MHE', '01:35:00', '17'),
('CL/CLE1661', '2023-05-11 00:00:00', 'BAJE', '02:20:00', '6'),
('CL/CLE1661', '2023-05-12 00:00:00', 'ONDO', '00:00:00', '9'),
('CL/CLE1661', '2023-05-12 00:00:00', 'BIOA', '00:50:00', '6'),
('CL/CLE1661', '2023-05-12 00:00:00', 'AYUR', '01:10:00', '8'),
('CL/CLE1661', '2023-05-12 00:00:00', 'BAJE', '01:50:00', '9'),
('CL/CLE1661', '2023-05-13 00:00:00', 'BIOA', '00:00:00', '3'),
('CL/CLE1661', '2023-05-13 00:00:00', 'AFDI', '01:10:00', '17'),
('CL/CLE1661', '2023-05-13 00:00:00', 'MCALG', '00:35:00', '7'),
('CL/CLE1661', '2023-05-13 00:00:00', 'MCTV', '00:40:00', '1'),
('CL/SAR3097', '2023-05-15 00:00:00', 'MHE', '00:00:00', '6'),
('CL/SAR3097', '2023-05-15 00:00:00', 'BAJE', '02:20:00', '16'),
('CL/SAR3097', '2023-05-15 00:00:00', 'M4M', '01:35:00', '5'),
('CL/SAR3097', '2023-05-15 00:00:00', 'BIOA', '01:20:00', '15'),
('CL/SAR3097', '2023-05-16 00:00:00', 'MCTV', '00:00:00', '6'),
('CL/SAR3097', '2023-05-16 00:00:00', 'MVRA', '01:20:00', '15'),
('CL/SAR3097', '2023-05-16 00:00:00', 'MCALG', '00:35:00', '13'),
('CL/SAR3097', '2023-05-16 00:00:00', 'MVIA', '00:40:00', '10'),
('CL/SAR3097', '2023-05-17 00:00:00', 'BAJE', '00:00:00', '14'),
('CL/SAR3097', '2023-05-17 00:00:00', 'BIOA', '01:35:00', '12'),
('CL/SAR3097', '2023-05-17 00:00:00', 'MCHIB', '01:10:00', '10'),
('CL/SAR3097', '2023-05-17 00:00:00', 'AFDI', '01:35:00', '16'),
('CL/SAR3097', '2023-05-18 00:00:00', 'MCHIB', '00:00:00', '12'),
('CL/SAR3097', '2023-05-18 00:00:00', 'MVIA', '01:35:00', '5'),
('CL/SAR3097', '2023-05-18 00:00:00', 'MVRA', '00:50:00', '9'),
('CL/SAR3097', '2023-05-18 00:00:00', 'MTC', '00:35:00', '13'),
('CL/SAR3097', '2023-05-19 00:00:00', 'MVIA', '00:00:00', '14'),
('CL/SAR3097', '2023-05-19 00:00:00', 'MCALG', '00:50:00', '5'),
('CL/SAR3097', '2023-05-19 00:00:00', 'M4M', '00:40:00', '8'),
('CL/SAR3097', '2023-05-19 00:00:00', 'MCHIB', '01:20:00', '9'),
('CL/SAR3097', '2023-05-20 00:00:00', 'MTC', '00:00:00', '2'),
('CL/SAR3097', '2023-05-20 00:00:00', 'ONDO', '01:35:00', '16'),
('CL/SAR3097', '2023-05-20 00:00:00', 'MVO', '00:50:00', '17'),
('CL/SAR3097', '2023-05-20 00:00:00', 'ONDO', '00:50:00', '5'),
('CL/CHA2196', '2023-05-15 00:00:00', 'MCALG', '00:00:00', '1'),
('CL/CHA2196', '2023-05-15 00:00:00', 'M4M', '00:40:00', '5'),
('CL/CHA2196', '2023-05-15 00:00:00', 'MVIA', '01:20:00', '13'),
('CL/CHA2196', '2023-05-15 00:00:00', 'M4M', '00:50:00', '4'),
('CL/CHA2196', '2023-05-16 00:00:00', 'BIOA', '00:00:00', '5'),
('CL/CHA2196', '2023-05-16 00:00:00', 'MCTV', '01:10:00', '17'),
('CL/CHA2196', '2023-05-16 00:00:00', 'MVO', '01:20:00', '10'),
('CL/CHA2196', '2023-05-16 00:00:00', 'ONDO', '00:50:00', '3'),
('CL/CHA2196', '2023-05-17 00:00:00', 'AFDI', '00:00:00', '16'),
('CL/CHA2196', '2023-05-17 00:00:00', 'MVRA', '00:35:00', '6'),
('CL/CHA2196', '2023-05-17 00:00:00', 'MVIA', '00:35:00', '17'),
('CL/CHA2196', '2023-05-17 00:00:00', 'MTC', '00:50:00', '8'),
('CL/CHA2196', '2023-05-18 00:00:00', 'MHE', '00:00:00', '3'),
('CL/CHA2196', '2023-05-18 00:00:00', 'MVRA', '02:20:00', '12'),
('CL/CHA2196', '2023-05-18 00:00:00', 'MCALG', '00:35:00', '7'),
('CL/CHA2196', '2023-05-18 00:00:00', 'M4M', '00:40:00', '14'),
('CL/CHA2196', '2023-05-19 00:00:00', 'MCHIB', '00:00:00', '12'),
('CL/CHA2196', '2023-05-19 00:00:00', 'BIOA', '01:35:00', '4'),
('CL/CHA2196', '2023-05-19 00:00:00', 'M4M', '01:10:00', '14');
INSERT INTO `PLANIFIER` (`numClient`, `dateSoin`, `codeSoin`, `heureSoin`, `numPersonnel`) VALUES
('CL/CHA2196', '2023-05-19 00:00:00', 'MCTV', '01:20:00', '13'),
('CL/CHA2196', '2023-05-20 00:00:00', 'MCALG', '00:00:00', '12'),
('CL/CHA2196', '2023-05-20 00:00:00', 'MCTV', '00:40:00', '17'),
('CL/CHA2196', '2023-05-20 00:00:00', 'BIOA', '01:20:00', '11'),
('CL/CHA2196', '2023-05-20 00:00:00', 'M4M', '01:10:00', '17'),
('CL/BAU4972', '2023-05-22 00:00:00', 'MTC', '00:00:00', '2'),
('CL/BAU4972', '2023-05-22 00:00:00', 'BAJE', '01:35:00', '12'),
('CL/BAU4972', '2023-05-22 00:00:00', 'BIOA', '01:35:00', '15'),
('CL/BAU4972', '2023-05-22 00:00:00', 'AFDI', '01:10:00', '8'),
('CL/BAU4972', '2023-05-23 00:00:00', 'MTC', '00:00:00', '5'),
('CL/BAU4972', '2023-05-23 00:00:00', 'MCTV', '01:35:00', '15'),
('CL/BAU4972', '2023-05-23 00:00:00', 'BAJE', '01:20:00', '1'),
('CL/BAU4972', '2023-05-23 00:00:00', 'M4M', '01:35:00', '14'),
('CL/BAU4972', '2023-05-24 00:00:00', 'MHE', '00:00:00', '8'),
('CL/BAU4972', '2023-05-24 00:00:00', 'MHE', '02:20:00', '12'),
('CL/BAU4972', '2023-05-24 00:00:00', 'MVO', '02:20:00', '10'),
('CL/BAU4972', '2023-05-24 00:00:00', 'BAJE', '00:50:00', '17'),
('CL/BAU4972', '2023-05-25 00:00:00', 'MCHIB', '00:00:00', '5'),
('CL/BAU4972', '2023-05-25 00:00:00', 'BIOA', '01:35:00', '14'),
('CL/BAU4972', '2023-05-25 00:00:00', 'MCALG', '01:10:00', '7'),
('CL/BAU4972', '2023-05-25 00:00:00', 'AYUR', '00:40:00', '2'),
('CL/BAU4972', '2023-05-26 00:00:00', 'BAJE', '00:00:00', '14'),
('CL/BAU4972', '2023-05-26 00:00:00', 'MCTV', '01:35:00', '14'),
('CL/BAU4972', '2023-05-26 00:00:00', 'MHE', '01:20:00', '13'),
('CL/BAU4972', '2023-05-26 00:00:00', 'M4M', '02:20:00', '14'),
('CL/BAU4972', '2023-05-27 00:00:00', 'M4M', '00:00:00', '9'),
('CL/BAU4972', '2023-05-27 00:00:00', 'MHE', '01:20:00', '15'),
('CL/BAU4972', '2023-05-27 00:00:00', 'ONDO', '02:20:00', '5'),
('CL/BAU4972', '2023-05-27 00:00:00', 'ONDO', '00:50:00', '5'),
('CL/RAP1616', '2023-05-29 00:00:00', 'M4M', '00:00:00', '2'),
('CL/RAP1616', '2023-05-29 00:00:00', 'MCTV', '01:20:00', '6'),
('CL/RAP1616', '2023-05-29 00:00:00', 'MCHIB', '01:20:00', '7'),
('CL/RAP1616', '2023-05-29 00:00:00', 'MHE', '01:35:00', '12'),
('CL/RAP1616', '2023-05-30 00:00:00', 'AFDI', '00:00:00', '17'),
('CL/RAP1616', '2023-05-30 00:00:00', 'MIR', '00:35:00', '9'),
('CL/RAP1616', '2023-05-30 00:00:00', 'MVRA', '00:50:00', '14'),
('CL/RAP1616', '2023-05-30 00:00:00', 'MCHIB', '00:35:00', '10'),
('CL/RAP1616', '2023-05-31 00:00:00', 'M4M', '00:00:00', '17'),
('CL/RAP1616', '2023-05-31 00:00:00', 'MCTV', '01:20:00', '17'),
('CL/RAP1616', '2023-05-31 00:00:00', 'MTC', '01:20:00', '11'),
('CL/RAP1616', '2023-05-31 00:00:00', 'AYUR', '01:35:00', '1'),
('CL/RAP1616', '2023-06-01 00:00:00', 'MVRA', '00:00:00', '17'),
('CL/RAP1616', '2023-06-01 00:00:00', 'MCALG', '00:35:00', '3'),
('CL/RAP1616', '2023-06-01 00:00:00', 'AYUR', '00:40:00', '14'),
('CL/RAP1616', '2023-06-01 00:00:00', 'MVRA', '01:50:00', '5'),
('CL/RAP1616', '2023-06-02 00:00:00', 'MCHIB', '00:00:00', '17'),
('CL/RAP1616', '2023-06-02 00:00:00', 'MCHIB', '01:35:00', '12'),
('CL/RAP1616', '2023-06-02 00:00:00', 'MTC', '01:35:00', '1'),
('CL/RAP1616', '2023-06-02 00:00:00', 'MIR', '01:35:00', '13'),
('CL/RAP1616', '2023-06-03 00:00:00', 'MVRA', '00:00:00', '6'),
('CL/RAP1616', '2023-06-03 00:00:00', 'MHE', '00:35:00', '10'),
('CL/RAP1616', '2023-06-03 00:00:00', 'BAJE', '02:20:00', '6'),
('CL/RAP1616', '2023-06-03 00:00:00', 'MHE', '01:35:00', '14'),
('CL/DEL3242', '2023-05-29 00:00:00', 'MCTV', '00:00:00', '3'),
('CL/DEL3242', '2023-05-29 00:00:00', 'BIOA', '01:20:00', '16'),
('CL/DEL3242', '2023-05-29 00:00:00', 'BAJE', '01:10:00', '6'),
('CL/DEL3242', '2023-05-29 00:00:00', 'MCTV', '01:35:00', '17'),
('CL/DEL3242', '2023-05-30 00:00:00', 'ONDO', '00:00:00', '5'),
('CL/DEL3242', '2023-05-30 00:00:00', 'MVIA', '00:50:00', '9'),
('CL/DEL3242', '2023-05-30 00:00:00', 'M4M', '00:50:00', '17'),
('CL/DEL3242', '2023-05-30 00:00:00', 'BAJE', '01:20:00', '17'),
('CL/DEL3242', '2023-05-31 00:00:00', 'MVIA', '00:00:00', '6'),
('CL/DEL3242', '2023-05-31 00:00:00', 'AFDI', '00:50:00', '6'),
('CL/DEL3242', '2023-05-31 00:00:00', 'MTC', '00:35:00', '10'),
('CL/DEL3242', '2023-05-31 00:00:00', 'MVO', '01:35:00', '5'),
('CL/DEL3242', '2023-06-01 00:00:00', 'BAJE', '00:00:00', '13'),
('CL/DEL3242', '2023-06-01 00:00:00', 'MCALG', '01:35:00', '15'),
('CL/DEL3242', '2023-06-01 00:00:00', 'BIOA', '00:40:00', '6'),
('CL/DEL3242', '2023-06-01 00:00:00', 'MIR', '01:10:00', '1'),
('CL/DEL3242', '2023-06-02 00:00:00', 'MVRA', '00:00:00', '4'),
('CL/DEL3242', '2023-06-02 00:00:00', 'MVRA', '00:35:00', '2'),
('CL/DEL3242', '2023-06-02 00:00:00', 'AYUR', '00:35:00', '13'),
('CL/DEL3242', '2023-06-02 00:00:00', 'MHE', '01:50:00', '8'),
('CL/DEL3242', '2023-06-03 00:00:00', 'MIR', '00:00:00', '4'),
('CL/DEL3242', '2023-06-03 00:00:00', 'M4M', '00:50:00', '15'),
('CL/DEL3242', '2023-06-03 00:00:00', 'AYUR', '01:20:00', '15'),
('CL/DEL3242', '2023-06-03 00:00:00', 'MVIA', '01:50:00', '1');

-- --------------------------------------------------------

--
-- Table structure for table `RESERVER`
--

DROP TABLE IF EXISTS `RESERVER`;
CREATE TABLE `RESERVER` (
  `numClient` text DEFAULT NULL,
  `CodeSéjour` text DEFAULT NULL,
  `DateDébutSéjour` datetime DEFAULT NULL
) ENGINE=InnoDB DEFAULT CHARSET=utf8mb4;

--
-- Dumping data for table `RESERVER`
--

INSERT INTO `RESERVER` (`numClient`, `CodeSéjour`, `DateDébutSéjour`) VALUES
('CL/ROB1406', 'MMM', '2021-01-18 00:00:00'),
('CL/BOS1105', 'MMM', '2021-03-08 00:00:00'),
('CL/CHA4062', 'MSJ', '2021-03-15 00:00:00'),
('CL/FRU801', 'MRF', '2021-03-29 00:00:00'),
('CL/MAS2238', 'MJM', '2021-06-07 00:00:00'),
('CL/COT2178', 'MPF', '2021-07-05 00:00:00'),
('CL/CHI3573', 'MPF', '2021-08-16 00:00:00'),
('CL/HER571', 'MMM', '2021-09-06 00:00:00'),
('CL/ZYL569', 'MAA', '2021-09-27 00:00:00'),
('CL/INC945', 'MDX', '2021-10-11 00:00:00'),
('CL/PAL3878', 'MRD', '2021-10-25 00:00:00'),
('CL/BEN3861', 'MMF', '2021-11-08 00:00:00'),
('CL/FEL3569', 'MSJ', '2021-12-06 00:00:00'),
('CL/FEL3569', 'MPF', '2022-01-03 00:00:00'),
('CL/BRE4993', 'MMB', '2022-01-10 00:00:00'),
('CL/MES4891', 'MBI', '2022-01-24 00:00:00'),
('CL/ROM3956', 'MPL', '2022-02-07 00:00:00'),
('CL/JOU3219', 'MPL', '2022-02-14 00:00:00'),
('CL/LIE4857', 'MPF', '2022-02-21 00:00:00'),
('CL/FEL3569', 'MPF', '2022-02-28 00:00:00'),
('CL/EMM1258', 'MRF', '2022-03-14 00:00:00'),
('CL/LAR4434', 'MMF', '2022-04-04 00:00:00'),
('CL/COE1556', 'MSD', '2022-04-11 00:00:00'),
('CL/BAL578', 'MPF', '2022-05-09 00:00:00'),
('CL/DE 4440', 'MPF', '2022-05-30 00:00:00'),
('CL/LE 2258', 'MMF', '2022-06-13 00:00:00'),
('CL/BAU4972', 'MPF', '2022-06-13 00:00:00'),
('CL/GUI4430', 'MAA', '2022-06-27 00:00:00'),
('CL/THE2882', 'MMD', '2022-08-01 00:00:00'),
('CL/D\'A2015', 'MJM', '2022-08-08 00:00:00'),
('CL/BER2955', 'MPF', '2022-08-15 00:00:00'),
('CL/COT2178', 'MBI', '2022-09-19 00:00:00'),
('CL/TAR473', 'MMD', '2022-10-03 00:00:00'),
('CL/AUB854', 'MPF', '2022-10-10 00:00:00'),
('CL/COT705', 'MPF', '2022-10-31 00:00:00'),
('CL/GUI4430', 'MDT', '2022-11-14 00:00:00'),
('CL/LIE4857', 'MJM', '2022-11-28 00:00:00'),
('CL/BOS1105', 'MCS', '2022-12-12 00:00:00'),
('CL/UZU1371', 'MSJ', '2023-01-09 00:00:00'),
('CL/BRE4778', 'MPF', '2023-01-09 00:00:00'),
('CL/AUB854', 'MPF', '2023-01-09 00:00:00'),
('CL/GUE3815', 'MSD', '2023-01-16 00:00:00'),
('CL/DEV1358', 'MAA', '2023-01-23 00:00:00'),
('CL/TAO3386', 'MMD', '2023-01-30 00:00:00'),
('CL/DEV1358', 'MPF', '2023-01-30 00:00:00'),
('CL/MAU3452', 'MMM', '2023-02-06 00:00:00'),
('CL/SIN1492', 'MPF', '2023-02-20 00:00:00'),
('CL/LAB4902', 'MMD', '2023-02-20 00:00:00'),
('CL/DEM1439', 'MPF', '2023-02-20 00:00:00'),
('CL/DUC3643', 'MPF', '2023-02-27 00:00:00'),
('CL/SAR2417', 'MMB', '2023-03-06 00:00:00'),
('CL/BEA4237', 'MPF', '2023-03-13 00:00:00'),
('CL/CHR4407', 'MPF', '2023-03-20 00:00:00'),
('CL/LHE1670', 'MRF', '2023-03-27 00:00:00'),
('CL/LER4475', 'MDT', '2023-04-03 00:00:00'),
('CL/WAG694', 'MMD', '2023-04-10 00:00:00'),
('CL/DEL2251', 'MSJ', '2023-04-10 00:00:00'),
('CL/VIL1860', 'MJM', '2023-04-17 00:00:00'),
('CL/CHA3449', 'MDX', '2023-04-17 00:00:00'),
('CL/BEN3861', 'MBI', '2023-04-17 00:00:00'),
('CL/GRU1221', 'MCS', '2023-04-24 00:00:00'),
('CL/UZU1371', 'MDT', '2023-05-01 00:00:00'),
('CL/DEM1439', 'MSD', '2023-05-01 00:00:00'),
('CL/TAR473', 'MRD', '2023-05-08 00:00:00'),
('CL/BOU511', 'MDX', '2023-05-08 00:00:00'),
('CL/LE 2258', 'MBI', '2023-05-15 00:00:00'),
('CL/BER2403', 'MPF', '2023-05-15 00:00:00'),
('CL/DAA4663', 'MRD', '2023-05-22 00:00:00'),
('CL/GIR1169', 'MPF', '2023-05-29 00:00:00'),
('CL/CLE1661', 'MRD', '2023-05-29 00:00:00');

-- --------------------------------------------------------

--
-- Table structure for table `SALON`
--

DROP TABLE IF EXISTS `SALON`;
CREATE TABLE `SALON` (
  `codeSalon` int(11) NOT NULL,
  `libelléSalon` text DEFAULT NULL,
  `nombreCabines` decimal(10,0) DEFAULT NULL
) ENGINE=InnoDB DEFAULT CHARSET=utf8mb4;

--
-- Dumping data for table `SALON`
--

INSERT INTO `SALON` (`codeSalon`, `libelléSalon`, `nombreCabines`) VALUES
(1, 'Salon Solidor', '5'),
(2, 'SPA', '4'),
(3, 'Salon Conchée', '5'),
(4, 'Salon Algues', '5'),
(5, 'Salon Chausey', '6');

-- --------------------------------------------------------

--
-- Table structure for table `SEJOUR`
--

DROP TABLE IF EXISTS `SEJOUR`;
CREATE TABLE `SEJOUR` (
  `CodeSéjour` text DEFAULT NULL,
  `LibelléSéjour` text DEFAULT NULL
) ENGINE=InnoDB DEFAULT CHARSET=utf8mb4;

--
-- Dumping data for table `SEJOUR`
--

INSERT INTO `SEJOUR` (`CodeSéjour`, `LibelléSéjour`) VALUES
('MRF', 'MER & REMISE EN FORME'),
('MDT', 'MER & DÉTENTE'),
('MRD', 'MER & RÉÉDUCATION'),
('MSJ', 'MER & SOINS DES JAMBES'),
('MSD', 'MER & SOINS DU DOS'),
('MCS', 'MER & CAPITAL SOMMEIL'),
('MPL', 'MER & PLÉNITUDE'),
('MBI', 'MER & BIEN ÊTRE INTENSE'),
('MAA', 'MER & ANTI-ÂGE'),
('MMD', 'MER & MÉDITATION'),
('MPF', 'MER & POIDS FORME'),
('MDX', 'MER & DÉTOX'),
('MMM', 'MER & MINCEUR AU MASCULIN'),
('MMF', 'MER & MINCEUR AU FEMININ'),
('MJM', 'MER & JEUNE MAMAN'),
('MMB', 'MER & MAMAN BÉBÉ');

-- --------------------------------------------------------

--
-- Table structure for table `SOIN`
--

DROP TABLE IF EXISTS `SOIN`;
CREATE TABLE `SOIN` (
  `codeSoin` text DEFAULT NULL,
  `libelléSoin` text DEFAULT NULL,
  `duréeSoin` decimal(10,0) DEFAULT NULL,
  `codeSalon` decimal(10,0) DEFAULT NULL
) ENGINE=InnoDB DEFAULT CHARSET=utf8mb4;

--
-- Dumping data for table `SOIN`
--

INSERT INTO `SOIN` (`codeSoin`, `libelléSoin`, `duréeSoin`, `codeSalon`) VALUES
('BIOA', 'Biocéalgues', '50', '4'),
('ONDO', 'Ondorelax', '30', '5'),
('MHE', 'Modelage Aux Huiles Essentielles ', '120', '2'),
('MVO', 'Modelage Visage Oxygénant', '30', '2'),
('MCTV', 'Masque Corporel Aux Terres Volcaniques', '60', '2'),
('AYUR', 'Modelage Ayurvédique Indien', '90', '2'),
('AFDI', 'Affusions Dynamiques', '15', '3'),
('BAJE', 'Bain Jets', '75', '1'),
('MVIA', 'Modelage Visage Antirides', '30', '2'),
('MCHIB', 'Masque Corporel Aux Fleurs D\'Hibiscus ', '75', '2'),
('MTC', 'Modelage Tradi Energétique Chinois', '75', '2'),
('M4M', 'Modelage A 4 Mains ', '60', '2'),
('MVRA', 'Modelage Visage Raffermissant ', '15', '2'),
('MCALG', 'Masque Corporel Algues/Plantes Bord Mer ', '20', '2'),
('MIR', 'Modelage Indien Relaxant', '30', '2');

--
-- Indexes for dumped tables
--

--
-- Indexes for table `PERSONNEL`
--
ALTER TABLE `PERSONNEL`
  ADD PRIMARY KEY (`numPersonnel`);

--
-- Indexes for table `SALON`
--
ALTER TABLE `SALON`
  ADD PRIMARY KEY (`codeSalon`);

--
-- AUTO_INCREMENT for dumped tables
--

--
-- AUTO_INCREMENT for table `PERSONNEL`
--
ALTER TABLE `PERSONNEL`
  MODIFY `numPersonnel` int(11) NOT NULL AUTO_INCREMENT, AUTO_INCREMENT=18;

--
-- AUTO_INCREMENT for table `SALON`
--
ALTER TABLE `SALON`
  MODIFY `codeSalon` int(11) NOT NULL AUTO_INCREMENT, AUTO_INCREMENT=6;
COMMIT;

/*!40101 SET CHARACTER_SET_CLIENT=@OLD_CHARACTER_SET_CLIENT */;
/*!40101 SET CHARACTER_SET_RESULTS=@OLD_CHARACTER_SET_RESULTS */;
/*!40101 SET COLLATION_CONNECTION=@OLD_COLLATION_CONNECTION */;
